Job ID,Job URL,Job Title,Company Name,Status,Timestamp,WP ID
64b89be80e5e6d84,https://lv.linkedin.com/jobs/view/apsargs-c%C4%93s%C4%ABs-at-g4s-4398962550,Apsargs Cēsīs,,scraped,2026-07-07T01:58:09.996361,
ec9179e638a4f346,https://lv.linkedin.com/jobs/view/cash-collector-at-brink%E2%80%99s-inc-4418167274,Cash collector,,scraped,2026-07-07T01:58:20.195554,
932a24c5667a8dea,https://lv.linkedin.com/jobs/view/pitboss-at-luckystreak-4432357301,Pitboss,,scraped,2026-07-07T01:58:45.118574,
98be1b0b52775dcd,https://lv.linkedin.com/jobs/view/seaman-4435399779,Seaman,Self-employed,posted,2026-07-07T01:58:59.743660,20
2a6114b5bb6f8689,https://lv.linkedin.com/jobs/view/devops-engineer-at-impaya-4433795926,DevOps Engineer,IMPAYA,posted,2026-07-07T01:59:12.427771,22
cfd8aa501ee9a1f4,https://lv.linkedin.com/jobs/view/p%C4%81rdev%C4%93js-a-circle-k-ventspils-r%C5%ABpniec%C4%ABbas-iela-4-ventspils-at-circle-k-4435206444,"Pārdevējs/-a Circle K Ventspils (Rūpniecības iela 4, Ventspils)",,scraped,2026-07-07T01:59:14.971775,
a4f323f9776e4587,https://lv.linkedin.com/jobs/view/product-specialist%0A-%0A%0A-%0Amoller-baltic-import%0A%0A-%C2%B7%0A%0A-riga-at-moller-auto-baltic-4435514963,"Product Specialist
    

    
Moller Baltic Import

  ·

    Riga",,scraped,2026-07-07T01:59:21.474591,
909c33ead0dafe39,https://lv.linkedin.com/jobs/view/internal-auditor-at-circle-k-4330428917,Internal Auditor,,scraped,2026-07-07T01:59:28.309162,
48c66db12ee9c683,https://lv.linkedin.com/jobs/view/gr%C4%81matvedis-e-at-madara-cosmetics-4436749958,Grāmatvedis/-e,,scraped,2026-07-07T01:59:34.587862,
75954b841a126808,https://lv.linkedin.com/jobs/view/fraud-investigations-specialist-at-gocardless-4427607305,Fraud Investigations Specialist,,scraped,2026-07-07T01:59:41.174391,
709bf7309b3bf770,https://lv.linkedin.com/jobs/view/b2b-customer-support-operations-specialist-at-the-customization-group-4432305728,B2B Customer Support Operations Specialist,,scraped,2026-07-07T01:59:47.888650,
d484182d638d8635,https://lv.linkedin.com/jobs/view/vado%C5%A1ais-tehni%C4%B7is-at-adven-%E2%80%93-the-leading-partner-in-the-energy-transition-4410488432,Vadošais tehniķis,,scraped,2026-07-07T01:59:54.463660,
0a29f7f5c5361de1,https://lv.linkedin.com/jobs/view/atlases-partneris-e-at-rimi-baltic-group-4436316841,Atlases partneris/-e,,scraped,2026-07-07T02:00:01.746929,
92e994c6a8ee19b3,https://lv.linkedin.com/jobs/view/galvenais-%C4%81-gr%C4%81matvedis-e-at-brain-games-4432381294,Galvenais/-ā Grāmatvedis/-e,,scraped,2026-07-07T02:00:08.631557,
87907fd10e53b2a3,https://lv.linkedin.com/jobs/view/lead-it-recruiter-at-syntx-ai-at-syntx-ai-4433700226,Lead IT Recruiter at SYNTX AI,,scraped,2026-07-07T02:00:16.104911,
1895fd3351975223,https://lv.linkedin.com/jobs/view/product-manager-m-f-d-pulmonology-latvia-at-berlin-chemie-menarini-4432758445,Product Manager (m/f/d) Pulmonology - Latvia,,scraped,2026-07-07T02:00:28.889810,
2fa44111c8d6b679,https://lv.linkedin.com/jobs/view/autovad%C4%ABt%C4%81js-%E2%80%93-ekspeditors-infrastrukt%C5%ABras-uztur%C4%93%C5%A1anas-da%C4%BC%C4%81-at-b%C4%93rnu-kl%C4%ABnisk%C4%81-universit%C4%81tes-slimn%C4%ABca-children-s-clinical-university-hospital-4437119993,Autovadītājs – ekspeditors Infrastruktūras uzturēšanas daļā,,scraped,2026-07-07T02:00:35.812880,
e745b84eb085adfc,https://lv.linkedin.com/jobs/view/sick-pets-portfolio-manager-cne-f-m-x-at-mars-4435219918,Sick Pets Portfolio Manager CNE (f/m/x),,scraped,2026-07-07T02:00:43.378048,
55e4be5c70cdc5f3,https://lv.linkedin.com/jobs/view/jaun%C4%81kais-%C4%81-konsultants-e-audit%C4%81-at-ey-4368224590,Jaunākais/-ā konsultants/-e auditā,EY,posted,2026-07-07T02:01:50.532217,24
26deef43090638df,https://lv.linkedin.com/jobs/view/support-engineer-devex-tooling-at-accenture-baltics-4369840268,Support Engineer (DevEx & Tooling),Accenture Baltics,posted,2026-07-07T02:02:01.101010,26
f5fb662b34459587,https://lv.linkedin.com/jobs/view/senior-recruiter-at-extantia-4436930729,Senior Recruiter,,scraped,2026-07-07T02:02:03.804332,
ee5a34672fe018e0,https://lv.linkedin.com/jobs/view/gnc-engineer-px4-flight-tuning-at-redwire-4436960199,GNC Engineer-PX4 Flight Tuning,,scraped,2026-07-07T02:02:10.837289,
2c89765416c1d0cf,https://lv.linkedin.com/jobs/view/communications-specialist-at-octella-4437456208,Communications Specialist,,scraped,2026-07-07T02:02:29.023649,
62a92c90aa4d4ea4,https://lv.linkedin.com/jobs/view/business-development-manager-at-multipass-4432354612,Business Development Manager,,scraped,2026-07-07T02:02:36.371468,
31ec8cd74080b611,https://lv.linkedin.com/jobs/view/finance-assistant-at-jeld-wen-inc-4423140001,Finance Assistant,"JELD-WEN, Inc.",posted,2026-07-07T02:02:50.625054,28
12070a1b6ae3053f,https://lv.linkedin.com/jobs/view/mortgage-underwriter-freelance-ai-trainer-at-mindrift-4432362518,Mortgage Underwriter - Freelance AI Trainer,Mindrift,posted,2026-07-07T02:03:05.603310,30
34345e0b95606c09,https://lv.linkedin.com/jobs/view/freelance-chatbot-developer-whatsapp-telegram-discord-at-mindrift-4436738428,Freelance Chatbot Developer (WhatsApp / Telegram / Discord),,scraped,2026-07-07T02:03:08.218117,
459667e0652830a9,https://lv.linkedin.com/jobs/view/deployment-strategist-at-n8n-4435126332,Deployment Strategist,,scraped,2026-07-07T02:03:21.881814,
4e3be3d6a5f972fa,https://lv.linkedin.com/jobs/view/senior-project-manager-at-redwire-europe-4432328283,Senior Project Manager,,scraped,2026-07-07T02:03:28.184220,
ee0ef70566f17944,https://lv.linkedin.com/jobs/view/enterprise-account-executive-eu-b2b-at-tripleten-indonesia-4433724332,Enterprise Account Executive EU (B2B),TripleTen Indonesia,posted,2026-07-07T02:03:43.253968,32
522738595f839180,https://lv.linkedin.com/jobs/view/ams-account-manager-baltics-at-brink%E2%80%99s-inc-4436495975,AMS Account Manager Baltics,,scraped,2026-07-07T02:03:45.920195,
16180bfbe459ebe8,https://lv.linkedin.com/jobs/view/customer-service-specialist-at-georg-fischer-4424893643,Customer Service Specialist,,scraped,2026-07-07T02:04:01.543158,
31c362977c6f61b8,https://lv.linkedin.com/jobs/view/jurists-at-deloitte-4436184431,Jurists,Deloitte,posted,2026-07-07T02:04:24.113850,34
a518fc0c687ce6cf,https://lv.linkedin.com/jobs/view/ai-technical-designer-at-fyul-4416924027,AI Technical Designer,,scraped,2026-07-07T02:04:26.899810,
aba16947e1a5a010,https://lv.linkedin.com/jobs/view/senior-value-chain-development-expert-at-ntu-international-a-s-4436394101,Senior Value Chain Development Expert,,scraped,2026-07-07T02:04:33.954238,
998d2bef419e8934,https://lv.linkedin.com/jobs/view/unit-manager-risk-quantification-automation-at-luminor-group-4424191102,Unit Manager (Risk Quantification & Automation),Luminor Group,posted,2026-07-07T02:04:52.901261,36
d7040311ac5088e7,https://lv.linkedin.com/jobs/view/m%C4%81sas-pal%C4%ABgs-jaun%C4%81kais-m%C4%81sas-pal%C4%ABgs-1-acu-slim%C4%ABbu-noda%C4%BC%C4%81-at-paula-stradi%C5%86a-kl%C4%ABnisk%C4%81-universit%C4%81tes-slimn%C4%ABca-4434339559,MĀSAS PALĪGS / JAUNĀKAIS MĀSAS PALĪGS 1. Acu slimību nodaļā,,scraped,2026-07-07T02:04:55.487250,
53d7bc8b6ebcae5d,https://lv.linkedin.com/jobs/view/debt-agent-at-bondora-4436350431,Debt Agent,,scraped,2026-07-07T02:05:03.896703,
3e9012b6dbb92f19,https://lv.linkedin.com/jobs/view/technical-support-engineer-sl2-at-btcc-4435421870,Technical Support Engineer (SL2),,scraped,2026-07-07T02:05:10.949358,
f23dd359c479cfc4,https://lv.linkedin.com/jobs/view/application-security-engineer-at-dyninno-technologies-dynatech-4432368539,Application Security Engineer,,scraped,2026-07-07T02:05:17.531465,
4bf51ffb7d15e1a2,https://lv.linkedin.com/jobs/view/performance-marketing-lead-native-ads-at-capslock-4434634577,Performance Marketing Lead (Native Ads),,scraped,2026-07-07T02:05:24.223689,
a413698c9a5e04eb,https://lv.linkedin.com/jobs/view/solutions-consultant-%E2%80%93-netapp-nutanix-baltics-at-arrow-electronics-4436355928,Solutions Consultant – NetApp & Nutanix (Baltics),Arrow Electronics,posted,2026-07-07T02:06:51.150576,38
4c2fcd26fd43b0d5,https://lv.linkedin.com/jobs/view/customer-operations-representative-12-month-ftc-at-gocardless-4435867046,Customer Operations Representative (12-month FTC),,scraped,2026-07-07T02:06:53.792174,
d2fc21457dc34dc0,https://lv.linkedin.com/jobs/view/devops-engineer-at-arrise-4435471425,DevOps Engineer,,scraped,2026-07-07T02:08:04.233133,
c90a207127a2536b,https://lv.linkedin.com/jobs/view/entrepreneur-in-residence-eir-at-the-flex-4436933922,Entrepreneur in Residence (EIR),,scraped,2026-07-07T02:08:10.903699,
009e6161020d96c4,https://lv.linkedin.com/jobs/view/account-executive-at-dodoche-4436375972,Account Executive,Dodoche,posted,2026-07-07T02:08:24.090693,40
f0c6ee337d4fda76,https://lv.linkedin.com/jobs/view/senior-agri-food-logistics-cold-chain-expert-at-ntu-international-a-s-4436498437,Senior Agri-Food Logistics / Cold Chain Expert,,scraped,2026-07-07T02:08:26.726563,
47a4658aa898e91a,https://lv.linkedin.com/jobs/view/wolt-ads-promos-sales-manager-global-ads-at-wolt-4436213708,Wolt Ads & Promos Sales Manager - Global Ads,,scraped,2026-07-07T02:09:38.008491,
53903ec3c566b9e1,https://lv.linkedin.com/jobs/view/microsoft-dynamics-365-crm-developer-at-q-beyond-riga-4423168151,Microsoft Dynamics 365 CRM Developer,,scraped,2026-07-07T02:09:45.371769,
c4140eac00b4a270,https://lv.linkedin.com/jobs/view/study-start-up-lead-at-rho-4399223708,Study Start Up Lead,,scraped,2026-07-07T02:09:53.446112,
e57d60b37ea756c6,https://lv.linkedin.com/jobs/view/engineering-manager-100%25-remote-emea-at-pragmatike-4435802872,Engineering Manager (100% Remote EMEA),,scraped,2026-07-07T02:10:00.826626,
79d1fcdc52b8434d,https://lv.linkedin.com/jobs/view/manager-finance-business-partner-at-mastercard-4435839280,"Manager, Finance Business Partner",,scraped,2026-07-07T02:10:07.492562,
8b6a861cc61b8b48,https://lv.linkedin.com/jobs/view/hr-manager-supervisor-at-mgi-4435046518,HR Manager / Supervisor,,scraped,2026-07-07T02:10:34.050955,
554242e9ce4c4e55,https://lv.linkedin.com/jobs/view/clinical-trial-coordinator-at-thermo-fisher-scientific-4416376761,Clinical Trial Coordinator,,scraped,2026-07-07T02:10:43.815873,
664822405ad52adc,https://lv.linkedin.com/jobs/view/sales-director-at-stoli%C2%AE-group-4433700570,Sales Director,,scraped,2026-07-07T02:10:50.905773,
ee8f96ce053970dc,https://lv.linkedin.com/jobs/view/klientu-pieredzes-a%C4%A3entu-i-at-ipf-digital-4436309805,Klientu Pieredzes Aģentu/-i,,scraped,2026-07-07T02:11:09.278159,
20a2afda854a96e1,https://lv.linkedin.com/jobs/view/konstruktors-ras%C4%93t%C4%81js-ja-at-evopipes-4433167835,Konstruktors/rasētājs/-ja,,scraped,2026-07-07T02:11:16.149032,
2ea9d0e4fa95135b,https://lv.linkedin.com/jobs/view/quality-assurance-engineer-at-redwire-europe-4432340069,Quality Assurance Engineer,,scraped,2026-07-07T02:11:24.701044,
d2f642f7dd24cda7,https://lv.linkedin.com/jobs/view/commercial-real-estate-agent-at-alcenza-properties-l-l-c-4431918570,commercial real estate agent,,scraped,2026-07-07T02:11:31.882926,
ee32fb4e8dad995f,https://lv.linkedin.com/jobs/view/data-analyst-controlling-at-stora-enso-4435062339,"Data Analyst, Controlling",Stora Enso,posted,2026-07-07T02:12:52.436650,42
010f54f096c62c52,https://lv.linkedin.com/jobs/view/senior-data-analyst-at-taltap-4433169438,Senior Data Analyst,,scraped,2026-07-07T02:12:55.235409,
66f1a572e1e3c042,https://lv.linkedin.com/jobs/view/business-analyst-at-cgi-4436418272,Business Analyst,,scraped,2026-07-07T02:13:02.032001,
917c874f6edc4929,https://lv.linkedin.com/jobs/view/country-chief-accountant-bulgarian-speaking-at-roche-4417404416,Country Chief Accountant - Bulgarian speaking,,scraped,2026-07-07T02:13:09.355247,
23f0a5516db46981,https://lv.linkedin.com/jobs/view/it-projektu-vad%C4%ABt%C4%81js-a-at-vsia-autotransporta-direkcija-4432755658,IT PROJEKTU VADĪTĀJS/-A,,scraped,2026-07-07T02:13:16.720862,
03417f684e9aaeb7,https://lv.linkedin.com/jobs/view/full-stack-architect-at-arvato-systems-4433931662,Full-Stack Architect,,scraped,2026-07-07T02:13:23.938724,
85e79485786c2b79,https://lv.linkedin.com/jobs/view/growth-marketer-at-the-flex-4436766857,Growth Marketer,,scraped,2026-07-07T02:13:33.587386,
581ab29984c46d3d,https://lv.linkedin.com/jobs/view/head-of-platform-at-gomining-4436704670,Head of Platform,,scraped,2026-07-07T02:13:40.235888,
e481f79c2071928d,https://lv.linkedin.com/jobs/view/senior-microsoft-dynamics-365-erp-administrator-at-epam-systems-4432766616,Senior Microsoft Dynamics 365 ERP Administrator,EPAM Systems,posted,2026-07-07T02:13:57.233046,44
251e214cfe6e4622,https://lv.linkedin.com/jobs/view/servisa-klientu-konsultants-e%0A-%0A%0A-%0Aserviss%0A%0A-%C2%B7%0A%0A-moller-auto-lidosta-volkswagen-at-moller-auto-baltic-4435540041,"Servisa klientu konsultants/-e
    

    
Serviss

  ·

    Moller Auto Lidosta, Volkswagen",,scraped,2026-07-07T02:13:59.907135,
76108324fc51a273,https://lv.linkedin.com/jobs/view/devops-engineer-ai-model-evaluator-at-mercor-4431932172,DevOps Engineer - AI Model Evaluator,,scraped,2026-07-07T02:14:06.690542,
c6bd3b7386c4aaba,https://lv.linkedin.com/jobs/view/bilingual-tutor-ai-trainer-at-dataannotation-4304447266,Bilingual Tutor - AI Trainer,DataAnnotation,posted,2026-07-07T02:14:51.597682,46
af180e72b7761ca9,https://lv.linkedin.com/jobs/view/sports-data-collector-football-tukums-latvia-at-genius-sports-4426796010,"Sports Data Collector (Football) - Tukums, Latvia",,scraped,2026-07-07T02:14:54.168959,
ff0f794ae6fd8bb5,https://lv.linkedin.com/jobs/view/ui-saskar%C5%86u-dizainers-e-uz-noteiktu-laiku-l%C4%ABdz-2-gadiem-at-tet-lv-4435480450,UI Saskarņu dizainers/-e (Uz noteiktu laiku līdz 2 gadiem),,scraped,2026-07-07T02:15:00.749611,
f4ab3ef365c0aabb,https://lv.linkedin.com/jobs/view/project-manager-at-playtech-live-latvia-4403217441,Project Manager,,scraped,2026-07-07T02:15:13.035617,
1516fa56c6815fc3,https://lv.linkedin.com/jobs/view/web-digital-content-manager-at-if-insurance-baltic-4432760640,Web & Digital Content Manager,,scraped,2026-07-07T02:15:19.539181,
f3b156a3b7ed0d23,https://lv.linkedin.com/jobs/view/senior-training-and-capacity-development-expert-at-ntu-international-a-s-4434988244,Senior Training and Capacity Development Expert,,scraped,2026-07-07T02:15:26.194582,
7d82a2a365e9c560,https://lv.linkedin.com/jobs/view/virsb%C5%ABvju-tehniskais-eksperts%0A-%0A%0A-%0Avirsb%C5%ABves%0A%0A-%C2%B7%0A%0A-moller-auto-virsb%C5%ABvju-centrs-at-moller-auto-baltic-4435531527,"Virsbūvju tehniskais eksperts
    

    
Virsbūves

  ·

    Moller Auto Virsbūvju centrs",,scraped,2026-07-07T02:15:33.616002,
9fd9f60015c097dd,https://lv.linkedin.com/jobs/view/senior-accountant-at-circle-k-4425815843,Senior Accountant,,scraped,2026-07-07T02:15:40.393760,
fd4ec036e16dd4d7,https://lv.linkedin.com/jobs/view/tele2-p%C4%81rdo%C5%A1anas-speci%C4%81lists-t-c-riga-plaza-r%C4%ABg%C4%81-pieteik%C5%A1an%C4%81s-l%C4%ABdz-17-07-2026-at-tele2-latvia-4436275044,"Tele2 pārdošanas speciālists t/c Riga Plaza, Rīgā, pieteikšanās līdz 17.07.2026.",,scraped,2026-07-07T02:15:46.876146,
50cdc042c40f04f6,https://lv.linkedin.com/jobs/view/korporat%C4%ABvo-klientu-projektu-vad%C4%ABt%C4%81js-a%0A-%0A%0A-%0Atirdzniec%C4%ABba%0A%0A-%C2%B7%0A%0A-moller-auto-lidosta-volkswagen-at-moller-auto-baltic-4435521813,"Korporatīvo klientu projektu vadītājs/-a
    

    
Tirdzniecība

  ·

    Moller Auto Lidosta, Volkswagen",,scraped,2026-07-07T02:15:54.641269,
ec2e2f7c6a2ae7a3,https://lv.linkedin.com/jobs/view/tele2-p%C4%81rdo%C5%A1anas-speci%C4%81lists-t-c-damme-r%C4%ABg%C4%81-pieteik%C5%A1an%C4%81s-l%C4%ABdz-14-07-2026-at-tele2-latvia-4434381206,"Tele2 pārdošanas speciālists t/c Damme Rīgā, pieteikšanās līdz 14.07.2026.",,scraped,2026-07-07T02:17:04.705938,
55fbe91d896fd995,https://lv.linkedin.com/jobs/view/tele2-p%C4%81rdo%C5%A1anas-speci%C4%81lists-t-c-r%C4%ABga-plaza-at-tele2-latvia-4435453919,Tele2 pārdošanas speciālists t/c Rīga Plaza,,scraped,2026-07-07T02:18:15.948873,
dcf37b8984f386f1,https://lv.linkedin.com/jobs/view/uzraudzibas-eksperts-e-finan%C5%A1u-tehnolo%C4%A3iju-uzraudz%C4%ABbas-p%C4%81rvald%C4%93-at-latvijas-banka-4435020317,Uzraudzibas eksperts/-e Finanšu tehnoloģiju uzraudzības pārvaldē,,scraped,2026-07-07T02:18:23.716951,
60db08f848027483,https://lv.linkedin.com/jobs/view/consultant-eyp-transaction-diligence-at-ey-4426067725,Consultant - EYP Transaction Diligence,EY,posted,2026-07-07T02:19:44.724141,48
e3361d4d434ac3e3,https://lv.linkedin.com/jobs/view/assistant-manager-in-financial-crime-solutions-team-at-ey-4385043636,Assistant Manager in Financial Crime Solutions Team,EY,posted,2026-07-07T02:19:55.146619,50
c2fda9ef9c2d9264,https://lv.linkedin.com/jobs/view/tele2-p%C4%81rdo%C5%A1anas-speci%C4%81lists-t-c-spice-at-tele2-latvia-4436082529,Tele2 Pārdošanas speciālists t/c Spice,,scraped,2026-07-07T02:19:57.729615,
95147b3ff45c2631,https://lv.linkedin.com/jobs/view/senior-accountant-at-circle-k-4435477390,Senior Accountant,,scraped,2026-07-07T02:21:09.265996,
73809f3c62b1e18d,https://lv.linkedin.com/jobs/view/pieg%C4%81des-procesu-speci%C4%81lists-e-at-rimi-baltic-group-4434720777,Piegādes procesu speciālists/-e,,scraped,2026-07-07T02:21:15.678106,
073f0d534495b1bd,https://lv.linkedin.com/jobs/view/partnership-local-support-unit-manager-at-luminor-group-4435848085,Partnership & Local Support Unit Manager,Luminor Group,posted,2026-07-07T02:22:38.697733,52
8bd4b4ae4f42da5e,https://lv.linkedin.com/jobs/view/senior-product-designer-back-office-at-eyespy-recruitment-igaming-specialists-4436345945,"Senior Product Designer, Back Office",,scraped,2026-07-07T02:22:41.352102,
e43ef252d681ff0f,https://lv.linkedin.com/jobs/view/sports-data-collector-football-daugavpils-latvia-at-genius-sports-4426788876,"Sports Data Collector (Football) - Daugavpils, Latvia",,scraped,2026-07-07T02:22:47.765288,
0f3772b7d7525fbe,https://lv.linkedin.com/jobs/view/inform%C4%81cijas-dro%C5%A1%C4%ABbas-p%C4%81rvald%C4%ABbas-speci%C4%81lists-at-datakom-4436320059,INFORMĀCIJAS DROŠĪBAS PĀRVALDĪBAS SPECIĀLISTS,,scraped,2026-07-07T02:23:57.729878,
6540adc7e5dff80e,https://lv.linkedin.com/jobs/view/manager-ey-parthenon-strategy-execution-at-ey-parthenon-4405122597,Manager - EY-Parthenon Strategy & Execution,EY-Parthenon,posted,2026-07-07T02:25:16.688222,54
bd476c9252d23bc2,https://lv.linkedin.com/jobs/view/credit-analyst-senior-credit-analyst-vec%C4%81kais-%C4%81-kred%C4%ABtanal%C4%ABti%C4%B7is-e-seb-riga-at-seb-latvija-4435513603,"Credit Analyst / Senior Credit Analyst/ Vecākais /-ā kredītanalītiķis /-e | SEB, Riga",,scraped,2026-07-07T02:25:19.347936,
011bd47b42c62ec2,https://lv.linkedin.com/jobs/view/regulatory-change-manager-at-luminor-group-4437720269,Regulatory Change Manager,Luminor Group,posted,2026-07-07T02:25:39.431297,56
edb90c8b023f2bc5,https://lv.linkedin.com/jobs/view/sales-engineer-business-development-manager-at-abb-4437723108,Sales Engineer/Business Development Manager,,scraped,2026-07-07T02:25:42.088577,
f3d5dab6c9472507,https://lv.linkedin.com/jobs/view/link-building-manager-at-white-light-digital-marketing-4435325280,Link Building Manager,White Light Digital Marketing,posted,2026-07-07T02:26:23.615453,58
b780cf0a3b52cf8e,https://lv.linkedin.com/jobs/view/area-sales-manager-riga-at-mascot%C2%AE-workwear-4433178196,Area Sales Manager - Riga,,scraped,2026-07-07T02:26:26.338865,
22c2cbabdbd70538,https://lv.linkedin.com/jobs/view/german-speaking-service-desk-specialist-at-arvato-systems-4433935644,German Speaking Service Desk Specialist,,scraped,2026-07-07T02:26:32.818935,
276ad0ad308853bb,https://lv.linkedin.com/jobs/view/junior-master-data-specialist-at-datwyler-group-4435832907,Junior Master Data Specialist,Datwyler Group,posted,2026-07-07T02:27:58.028283,60
4904fec4d48a13fa,https://lv.linkedin.com/jobs/view/p%C4%81rdo%C5%A1anas-mened%C5%BEeris-at-gesr-clinic-4434401060,Pārdošanas menedžeris,,scraped,2026-07-07T02:28:00.687767,
2bbf9a6262a70b10,https://lv.linkedin.com/jobs/view/klientu-konsultants-e-ventspil%C4%AB-t-c-tobago-uz-noteiktu-laiku-%7E2-gadi-at-latvijas-mobilais-telefons-sia-4434343774,Klientu konsultants/-e Ventspilī t/c TOBAGO (uz noteiktu laiku ~2 gadi),,scraped,2026-07-07T02:29:10.350562,
b1bb0a90c5854de1,https://lv.linkedin.com/jobs/view/person%C4%81la-speci%C4%81lists-e-at-rimi-baltic-group-4434463625,Personāla speciālists/-e,,scraped,2026-07-07T02:29:18.145315,
53a58faa5f5010f0,https://lv.linkedin.com/jobs/view/slim%C4%ABbu-profilakses-speci%C4%81lists-at-ieslodz%C4%ABjuma-vietu-p%C4%81rvalde-4431563474,Slimību profilakses speciālists,,scraped,2026-07-07T02:29:24.910912,
de04c99d91a06f02,https://lv.linkedin.com/jobs/view/financial-controller-at-circle-k-4417174702,Financial Controller,,scraped,2026-07-07T02:29:46.821718,
1be10e34e1df05eb,https://lv.linkedin.com/jobs/view/service-administrator-at-manpower-latvia-4435544705,Service Administrator,,scraped,2026-07-07T02:29:53.430671,
3d28495882c44684,https://lv.linkedin.com/jobs/view/wealth-manager-at-luminor-group-4436713388,Wealth Manager,Luminor Group,posted,2026-07-07T02:30:12.192697,62
93d89fd15b336c11,https://lv.linkedin.com/jobs/view/korporat%C4%ABv%C4%81s-atbild%C4%ABbas-ilgtsp%C4%93jas-zi%C5%86o%C5%A1anas-vad%C4%ABt%C4%81js-a-at-rimi-baltic-group-4419404409,Korporatīvās atbildības (ilgtspējas) ziņošanas vadītājs/-a,,scraped,2026-07-07T02:30:14.801084,
c1cc70e88ed0f78f,https://lv.linkedin.com/jobs/view/methodology-and-process-owner-metodolo%C4%A3ijas-un-procesu-vad%C4%ABt%C4%81js-a-seb-riga-at-seb-latvija-4435554270,"Methodology and Process Owner /Metodoloģijas un procesu vadītājs(-a) | SEB, Riga",,scraped,2026-07-07T02:30:21.459892,
23c3b53951365b2b,https://lv.linkedin.com/jobs/view/senior-analyst-market-liquidity-risk-department-at-luminor-group-4437408912,Senior Analyst (Market & Liquidity Risk Department),Luminor Group,posted,2026-07-07T02:31:44.385004,64
3f99f83d3d17aef8,https://lv.linkedin.com/jobs/view/m%C4%81sa-1-acu-slim%C4%ABbu-noda%C4%BC%C4%81-at-paula-stradi%C5%86a-kl%C4%ABnisk%C4%81-universit%C4%81tes-slimn%C4%ABca-4434669202,MĀSA 1. Acu slimību nodaļā,,scraped,2026-07-07T02:31:47.042526,
a6b51ee846dab601,https://lv.linkedin.com/jobs/view/clearance-broker-at-fedex-4425474827,Clearance Broker,FedEx,posted,2026-07-07T02:32:09.828422,66
f995fb5c3d0fed90,https://lv.linkedin.com/jobs/view/digit%C4%81lo-produktu-p%C4%81rdo%C5%A1anas-speci%C4%81lists-e-vesel%C4%ABbas-tehnolo%C4%A3iju-jom%C4%81-at-datamed-4432394508,Digitālo produktu pārdošanas speciālists/-e veselības tehnoloģiju jomā,,scraped,2026-07-07T02:32:12.484119,
0e97509bc65aa38a,https://lv.linkedin.com/jobs/view/akt%C4%ABvu-un-pas%C4%ABvu-p%C4%81rvaldnieks-ce%E2%80%8B-treasury-vad%C4%ABt%C4%81js-a-%E2%80%8B-at-indexo-4432376025,AKTĪVU UN PASĪVU PĀRVALDNIEKS/-CE (Treasury  vadītājs/-a),,scraped,2026-07-07T02:32:19.558807,
724f5e96587a6dc4,https://lv.linkedin.com/jobs/view/uzraudz%C4%ABbas-eksperts-e-finan%C5%A1u-tehnolo%C4%A3iju-uzraudz%C4%ABbas-p%C4%81rvald%C4%93-at-latvijas-banka-4435013414,Uzraudzības eksperts/-e Finanšu tehnoloģiju uzraudzības pārvaldē,,scraped,2026-07-07T02:33:30.295178,
a22f874a4f7cdbfa,https://lv.linkedin.com/jobs/view/nacion%C4%81lo-kontu-datu-apstr%C4%81des-anal%C4%ABzes-un-izplat%C4%AB%C5%A1anas-da%C4%BCas-vad%C4%ABt%C4%81js-a-at-centr%C4%81l%C4%81-statistikas-p%C4%81rvalde-4433172885,"Nacionālo kontu datu apstrādes, analīzes un izplatīšanas daļas vadītājs/-a",,scraped,2026-07-07T02:33:37.999514,
ca219c31ed688161,https://lv.linkedin.com/jobs/view/technical-support-specialist-at-delaval-4434979294,Technical Support Specialist,DeLaval,posted,2026-07-07T02:33:56.180031,68
534a6c7da91126ff,https://lv.linkedin.com/jobs/view/data-technology-consultant-at-epam-systems-4398222820,Data Technology Consultant,EPAM Systems,posted,2026-07-07T02:35:27.631552,70
3389dfa5e9000c73,https://lv.linkedin.com/jobs/view/senior-financial-risk-analyst-at-eleving-group-4436712192,Senior Financial Risk Analyst,,scraped,2026-07-07T02:35:30.265528,
45c5e033c8e25526,https://lv.linkedin.com/jobs/view/senior-quality-assurance-engineer-at-redwire-europe-4432320667,Senior Quality Assurance Engineer,,scraped,2026-07-07T02:35:37.392138,
93e224b628e50f2f,https://lv.linkedin.com/jobs/view/distributed-systems-engineer-apache-spark-internals-remote-work-ref%23294292-at-bairesdev-4426563371,Distributed Systems Engineer (Apache Spark Internals) - Remote Work | REF#294292,,scraped,2026-07-07T02:35:44.323725,
654c6120c30710c9,https://lv.linkedin.com/jobs/view/senior-agricultural-insurance-and-rural-finance-expert-at-ntu-international-a-s-4436300774,Senior Agricultural Insurance and Rural Finance Expert,,scraped,2026-07-07T02:37:19.344456,
2ff651f659dc1982,https://lv.linkedin.com/jobs/view/spare-parts-planning-team-leader-at-epson-europe-b-v-4432333594,Spare Parts Planning Team Leader,,scraped,2026-07-07T02:37:27.217798,
8a8066f56d32454b,https://lv.linkedin.com/jobs/view/senior-qa-auditor-gcp-audits-at-iqvia-4435048966,Senior QA Auditor - GCP Audits,IQVIA,posted,2026-07-07T02:38:38.751693,72
e9c26323510e4e56,https://lv.linkedin.com/jobs/view/hr-data-specialist-at-epson-baltics-4433197464,HR Data Specialist,,scraped,2026-07-07T02:38:41.357508,
602810e362867113,https://lv.linkedin.com/jobs/view/spare-parts-administrator-at-epson-baltics-4431920916,Spare Parts Administrator,,scraped,2026-07-07T02:38:48.585147,
ae95237dfb59b7d8,https://lv.linkedin.com/jobs/view/manager-in-financial-crime-solutions-team-at-ey-4385044455,Manager in Financial Crime Solutions Team,EY,posted,2026-07-07T02:39:03.621932,74
2a468b747ea01e09,https://lv.linkedin.com/jobs/view/stream-processing-engineer-apache-flink-internals-remote-work-ref%23294338-at-bairesdev-4426561405,Stream Processing Engineer (Apache Flink Internals) - Remote Work | REF#294338,,scraped,2026-07-07T02:39:06.280709,
6d1ee1243230c71c,https://lv.linkedin.com/jobs/view/engineering-manager-sap-cap-java-at-epam-systems-4403242072,"Engineering Manager, SAP CAP Java",EPAM Systems,posted,2026-07-07T02:39:35.610031,76
fb970b5492ff9a87,https://lv.linkedin.com/jobs/view/senior-sap-fico-consultant-at-epam-systems-4363953731,Senior SAP FICO Consultant,EPAM Systems,posted,2026-07-07T02:39:58.700994,78
77d52a7fe8fbd4e3,https://lv.linkedin.com/jobs/view/senior-data-platform-engineer-remote-work-ref%23293900-at-bairesdev-4426567331,Senior Data Platform Engineer - Remote Work | REF#293900,,scraped,2026-07-07T02:40:01.437319,
10866a7aec949ac4,https://lv.linkedin.com/jobs/view/danish-speaking-customer-consultant-in-ingo-team-at-circle-k-4426136355,Danish Speaking Customer Consultant in INGO Team,,scraped,2026-07-07T02:40:11.827404,
c0a61f826f21a50f,https://lv.linkedin.com/jobs/view/principal-software-engineer-node-js-ref%23290188-at-bairesdev-4420450918,Principal Software Engineer (Node.js) | REF#290188,,scraped,2026-07-07T02:40:18.326929,
b3f0338ed75809e0,https://lv.linkedin.com/jobs/view/senior-devops-engineer-at-epam-systems-4402445576,Senior DevOps Engineer,EPAM Systems,posted,2026-07-07T02:40:59.703936,80
ad846035cdf0220a,https://lv.linkedin.com/jobs/view/senior-platform-engineer-kubernetes-remote-work-ref%23294051-at-bairesdev-4426552445,Senior Platform Engineer (Kubernetes) - Remote Work | REF#294051,,scraped,2026-07-07T02:41:02.375946,
545fe4982ae8c92e,https://lv.linkedin.com/jobs/view/senior-lead-sap-fi-ca-brim-consultant-at-epam-systems-4291127138,Senior/Lead SAP FI-CA (BRIM) Consultant,EPAM Systems,posted,2026-07-07T02:41:41.845272,82
62ab97a16b263290,https://lv.linkedin.com/jobs/view/lead-data-software-engineer-at-epam-systems-4339563206,Lead Data Software Engineer,EPAM Systems,posted,2026-07-07T02:42:09.267534,84
0aaf884357506d8c,https://lv.linkedin.com/jobs/view/senior-golang-developer-at-epam-systems-4403213189,Senior Golang Developer,EPAM Systems,posted,2026-07-07T02:42:52.998249,86
fffdc2808c501a5a,https://lv.linkedin.com/jobs/view/lead-software-engineer-solutions-at-mastercard-4358098034,Lead Software Engineer - Solutions,Mastercard,posted,2026-07-07T02:43:07.753270,88
3ee59c2836e9a02f,https://lv.linkedin.com/jobs/view/project-manager-marketing-execution-services-at-altavia-baltics-4427954202,Project Manager (Marketing Execution Services),ALTAVIA BALTICS,posted,2026-07-07T02:43:23.815305,90
a4d4dcc74335b98f,https://lv.linkedin.com/jobs/view/senior-java-backend-developer-remote-work-ref%23290290-at-bairesdev-4420471000,Senior Java Backend Developer - Remote Work | REF#290290,,scraped,2026-07-07T02:43:26.642428,
c5c3e4549649611a,https://lv.linkedin.com/jobs/view/senior-analyst-supply-analytics-bangkok-based-relocation-provided-at-agoda-4299772340,"Senior Analyst (Supply Analytics, Bangkok-based, Relocation provided)",Agoda,posted,2026-07-07T02:43:49.820466,92
0130b7c35f2ed3e4,https://lv.linkedin.com/jobs/view/it-product-delievery-automation-associate-at-3s-money-4433944472,IT Product Delievery / Automation Associate,,scraped,2026-07-07T02:43:52.517198,
966214839334d1fc,https://lv.linkedin.com/jobs/view/security-architect-at-luminor-group-4435164728,Security Architect,Luminor Group,posted,2026-07-07T02:44:11.281452,94
6b12b469bc0ff019,https://lv.linkedin.com/jobs/view/senior-software-engineer-java-%2B-observability-remote-work-ref%23293951-at-bairesdev-4426545462,Senior Software Engineer (Java + Observability) - Remote Work | REF#293951,BairesDev,posted,2026-07-07T02:44:19.771245,96
fa5e695a94fd10ae,https://lv.linkedin.com/jobs/view/cloud-native-net-engineer-with-ai-integration-focus-at-epam-systems-4377728635,Cloud Native .NET Engineer with AI Integration Focus,EPAM Systems,posted,2026-07-07T02:44:28.052731,98
21c5752668f394e9,https://lv.linkedin.com/jobs/view/senior-technical-engineer-network-at-intrum-4433934424,Senior Technical Engineer Network,,scraped,2026-07-07T02:44:30.676692,
53c8ab90ae9d619e,https://lv.linkedin.com/jobs/view/ikdienas-likvidit%C4%81tes-dar%C4%ABjumu-uzraudz%C4%ABbas-speci%C4%81lists-e-at-swedbank-latvija-4433958296,Ikdienas likviditātes darījumu uzraudzības speciālists(-e),,scraped,2026-07-07T02:44:38.258846,
1a02876ad4a47f43,https://lv.linkedin.com/jobs/view/advisory-consultant-senior-consultant-sr-t-riga-at-deloitte-4436186322,Advisory Consultant/ Senior Consultant | SR&T | Riga,Deloitte,posted,2026-07-07T02:44:53.821702,100
84e78fbf106aa830,https://lv.linkedin.com/jobs/view/senior-product-security-engineer-remote-work-ref%23293990-at-bairesdev-4426548492,Senior Product Security Engineer - Remote Work | REF#293990,,scraped,2026-07-07T02:44:56.596519,
bd792733bbbdd0d9,https://lv.linkedin.com/jobs/view/senior-accountant-for-r2r-ireland-at-circle-k-4426992707,Senior Accountant for R2R Ireland,,scraped,2026-07-07T02:45:04.108647,
8cd621006742658c,https://lv.linkedin.com/jobs/view/vec%C4%81kais-jurists-at-deloitte-4436179503,Vecākais jurists,Deloitte,posted,2026-07-07T02:45:21.392969,102
8cf1d7e4ebe3601f,https://lv.linkedin.com/jobs/view/vec%C4%81kais-klientu-sadarb%C4%ABbas-atbilst%C4%ABbas-speci%C4%81lists-e-at-swedbank-latvija-4432794263,Vecākais klientu sadarbības atbilstības speciālists(-e),,scraped,2026-07-07T02:45:24.033798,
bbc61e2d41018fad,https://lv.linkedin.com/jobs/view/senior-software-engineer-go-%2B-kubernetes-remote-work-ref%23294019-at-bairesdev-4426563352,Senior Software Engineer (Go + Kubernetes) - Remote Work | REF#294019,,scraped,2026-07-07T02:45:30.517402,
54f54622b10b4847,https://lv.linkedin.com/jobs/view/senior-qa-automation-engineer-at-intrum-4433170540,Senior QA Automation Engineer,,scraped,2026-07-07T02:45:37.730826,
b8a42edee9701be6,https://lv.linkedin.com/jobs/view/vad%C4%ABt%C4%81js-a-audita-noda%C4%BC%C4%81-at-pwc-latvija-4388233551,Vadītājs/-a Audita nodaļā,PwC Latvija,posted,2026-07-07T02:46:59.010713,104
bb8cf69343670352,https://lv.linkedin.com/jobs/view/senior-office-365-engineer-at-epam-systems-4400803825,Senior Office 365 Engineer,EPAM Systems,posted,2026-07-07T02:47:22.677549,106
ea0d0ab979f21623,https://lv.linkedin.com/jobs/view/salesforce-marketing-cloud-developer-at-accenture-baltics-4407647360,Salesforce Marketing Cloud Developer,Accenture Baltics,posted,2026-07-07T02:47:32.865960,108
eccbfd28109384c9,https://lv.linkedin.com/jobs/view/furniture-design-engineer-imos-cad-specialist-custom-furniture-production-4414861354,Furniture Design Engineer | IMOS CAD Specialist | Custom Furniture Production,AL.DE.MEBEL,posted,2026-07-07T02:47:39.649177,110
1fafb7a735024782,https://lv.linkedin.com/jobs/view/senior-net-software-engineer-with-blazor-at-epam-systems-4355316249,Senior .NET Software Engineer with Blazor,EPAM Systems,posted,2026-07-07T02:47:57.638849,112
9f4ca3b01f202151,https://lv.linkedin.com/jobs/view/lead-sap-fico-consultant-at-epam-systems-4363914623,Lead SAP FICO Consultant,EPAM Systems,posted,2026-07-07T02:49:38.968681,114
ed1ed0cb6d02d259,https://lv.linkedin.com/jobs/view/staff-systems-engineer-c%2B%2B-remote-work-ref%23289954-at-bairesdev-4420465459,Staff Systems Engineer (C++) - Remote Work | REF#289954,,scraped,2026-07-07T02:49:41.724670,
22786fbc8a6feb3f,https://lv.linkedin.com/jobs/view/senior-distributed-systems-engineer-remote-work-ref%23293789-at-bairesdev-4426545460,Senior Distributed Systems Engineer - Remote Work | REF#293789,,scraped,2026-07-07T02:50:00.309800,
f368d2038bc5434d,https://lv.linkedin.com/jobs/view/sales-representative-wholesale-at-circle-k-4435476484,Sales Representative Wholesale,,scraped,2026-07-07T02:50:42.866482,
5f748912a7993684,https://lv.linkedin.com/jobs/view/lead-data-devops-engineer-with-azure-at-epam-systems-4324705879,Lead Data DevOps Engineer with Azure,EPAM Systems,posted,2026-07-07T02:51:00.297223,116
6d4c8e0ff984f38c,https://lv.linkedin.com/jobs/view/senior-azure-devops-engineer-at-epam-systems-4382547980,Senior Azure DevOps Engineer,EPAM Systems,posted,2026-07-07T02:51:27.871508,118
330a41f96cb32f99,https://lv.linkedin.com/jobs/view/staff-software-engineer-go-remote-work-ref%23289798-at-bairesdev-4420459691,Staff Software Engineer (Go) - Remote Work | REF#289798,,scraped,2026-07-07T02:51:30.594221,
e7b5c67721ae3972,https://lv.linkedin.com/jobs/view/pas%C5%ABt%C4%ABjumu-datu-speci%C4%81listu-i-order-specialist-at-ae-partner-4436703100,Pasūtījumu datu speciālistu/-i | Order Specialist,,scraped,2026-07-07T02:51:37.981607,
9a00061e611601ae,https://lv.linkedin.com/jobs/view/senior-application-specialist-at-intrum-4434968540,Senior Application Specialist,,scraped,2026-07-07T02:51:44.660646,
01293a0ccddc46ac,https://lv.linkedin.com/jobs/view/senior-data-devops-engineer-with-azure-at-epam-systems-4324711877,Senior Data DevOps Engineer with Azure,EPAM Systems,posted,2026-07-07T02:53:07.941595,120
f8afe034ee0ad886,https://lv.linkedin.com/jobs/view/engineering-manager-sap-cap-node-js-at-epam-systems-4403747211,"Engineering Manager, SAP CAP Node.js",EPAM Systems,posted,2026-07-07T02:53:15.790935,122
6ad04697e1fd5a1c,https://lv.linkedin.com/jobs/view/darbs-r%C4%ABg%C4%81-purvciem%C4%81-kontroles-grup%C4%81-at-g4s-4437725148,"Darbs Rīgā, Purvciemā kontroles grupā.",,scraped,2026-07-07T12:18:42.306967,
b5e3235ee1b9ef90,https://lv.linkedin.com/jobs/view/vistas-ga%C4%BCas-atkaulot%C4%81js-a-at-forevers-4434504661,Vistas gaļas atkaulotājs/-a,,scraped,2026-07-07T12:18:52.305517,
5f4075ba380ee39a,https://lv.linkedin.com/jobs/view/banku-augstskola-at-university-of-latvia-faculty-of-economics-and-social-sciences-4434524643,Banku augstskola,University of Latvia Faculty of Economics and Social Sciences,posted,2026-07-07T12:19:14.490330,124
a47a9cdd275c56d6,https://lv.linkedin.com/jobs/view/tour-guide-4434518257,Tour Guide,AllureTours.lv,posted,2026-07-07T12:19:24.059573,126
54516762ed987421,https://lv.linkedin.com/jobs/view/receptionist-at-radisson-hotel-group-4437786163,Receptionist,Radisson Hotel Group,posted,2026-07-07T12:19:40.925006,128
2e8fa619cd4da0ff,https://lv.linkedin.com/jobs/view/%D1%81%D0%B1%D0%BE%D1%80%D1%89%D0%B8%D0%BA-%D0%BC%D0%B5%D1%82%D0%B0%D0%BB%D0%BB%D0%BE%D0%BA%D0%BE%D0%BD%D1%81%D1%82%D1%80%D1%83%D0%BA%D1%86%D0%B8%D0%B9-at-hirehub-sia-4433930992,Сборщик металлоконструкций,HireHub SIA,failed|wp_post_failed,2026-07-07T12:19:45.068452,
565c46cd07159e26,https://lv.linkedin.com/jobs/view/procurement-engineer-at-cg-resourcing-ltd-4437416293,Procurement Engineer,CG Resourcing Ltd,posted,2026-07-07T12:19:55.886057,130
2fce11ac1e7c1788,https://lv.linkedin.com/jobs/view/klientu-konsultants-at-storent-europe-4437415397,KLIENTU KONSULTANTS,,scraped,2026-07-07T12:19:58.326104,
f8a9d1a44912a955,https://lv.linkedin.com/jobs/view/general-manager-the-code-hotel-at-bullpen-capital-4432754238,"General Manager, The Code Hotel",Bullpen Capital,posted,2026-07-07T12:20:17.073083,132
0364aef04ba80b57,https://lv.linkedin.com/jobs/view/klientu-konsultants-at-storent-europe-4437415398,KLIENTU KONSULTANTS,,scraped,2026-07-07T12:20:19.839874,
65103e20d39aea24,https://lv.linkedin.com/jobs/view/eksakto-zin%C4%81t%C5%86u-un-tehnolo%C4%A3iju-fakult%C4%81te-at-university-of-latvia-faculty-of-economics-and-social-sciences-4434520800,Eksakto zinātņu un tehnoloģiju fakultāte,University of Latvia Faculty of Economics and Social Sciences,posted,2026-07-07T12:20:40.468799,134
c96b1da37380bffb,https://lv.linkedin.com/jobs/view/order-processing-agent-at-rs-4427493950,Order Processing Agent,,scraped,2026-07-07T12:20:49.154799,
b91c525347a942d3,https://lv.linkedin.com/jobs/view/office-administrator-at-intrum-4433952326,Office Administrator,,scraped,2026-07-07T12:20:55.904641,
c286a24536177349,https://lv.linkedin.com/jobs/view/accountant-at-aerones-4435211298,Accountant,,scraped,2026-07-07T12:21:04.251339,
c2ba5812438e88cc,https://lv.linkedin.com/jobs/view/data-steward-datu-p%C4%81rvaldnieks-ce-for-customer-oversight-and-digital-enablers-seb-riga-at-seb-latvija-4436902154,"Data Steward/ Datu pārvaldnieks(-ce) for Customer Oversight and Digital Enablers | SEB, Riga",,scraped,2026-07-07T12:21:14.482431,
7e31751b4c436955,https://lv.linkedin.com/jobs/view/klientu-konsultants-e-jelgavas-fili%C4%81l%C4%93-at-swedbank-latvija-4434520411,Klientu konsultants(-e) Jelgavas filiālē,,scraped,2026-07-07T12:21:22.273265,
18835ce1b578c58d,https://lv.linkedin.com/jobs/view/sales-controller-at-stora-enso-4435052893,Sales Controller,Stora Enso,posted,2026-07-07T12:21:43.585083,136
de25daae4c5f35f7,https://lv.linkedin.com/jobs/view/departamenta-direktora-vietnieks-ce-at-valsts-vides-dienests-4433952398,Departamenta direktora vietnieks/-ce,,scraped,2026-07-07T12:21:46.265048,
99023113d21d2080,https://lv.linkedin.com/jobs/view/application-specialist-servicenow-at-swedbank-latvija-4433701232,Application Specialist (ServiceNow),,scraped,2026-07-07T12:21:53.638008,
4cd13ef340beab5c,https://lv.linkedin.com/jobs/view/propulsion-system-technician-at-redwire-4435805788,Propulsion System Technician,Redwire,posted,2026-07-07T12:22:08.621396,138
71f70933a5c2d887,https://lv.linkedin.com/jobs/view/delivery-manager-at-arrise-4435478195,Delivery Manager,ARRISE,posted,2026-07-07T12:22:26.401570,140
acba9f04a38dbbab,https://lv.linkedin.com/jobs/view/p%C4%81rdev%C4%93js-kasieris-jysk-veikal%C4%81-krasta-iel%C4%81-at-jysk-baltics-4435176238,Pārdevējs - kasieris JYSK veikalā  Krasta ielā,JYSK Baltics,posted,2026-07-07T12:22:41.897327,142
a98c4fda3680c921,https://lv.linkedin.com/jobs/view/project-manager-at-eurowind-energy-neue-energien-4436308406,Project Manager,Eurowind Energy | Neue Energien,posted,2026-07-07T12:22:51.953036,144
fb228787dc21366f,https://lv.linkedin.com/jobs/view/money-laundering-reporting-officer-mlro-at-bleap-4433928767,Money Laundering Reporting Officer (MLRO),Bleap,posted,2026-07-07T12:23:04.185068,146
a75ed251ca25064a,https://lv.linkedin.com/jobs/view/customer-experience-consultant-at-a-p-moller-maersk-4427510217,Customer Experience Consultant,,scraped,2026-07-07T12:23:06.890346,
0bca0476e76d88aa,https://lv.linkedin.com/jobs/view/noliktavas-vad%C4%ABt%C4%81js-at-trialto-latvia-sia-4348965365,Noliktavas vadītājs,,scraped,2026-07-07T12:23:13.829287,
97a697a4500198bf,https://lv.linkedin.com/jobs/view/consumer-experience-programs-lead-at-philip-morris-international-4437101768,Consumer Experience Programs Lead,,scraped,2026-07-07T12:23:21.084364,
42cef5367a77e2d3,https://lv.linkedin.com/jobs/view/p%C4%81rdo%C5%A1anas-speci%C4%81lists-e-at-recipe-plus-4432775717,Pārdošanas speciālists/-e,,scraped,2026-07-07T12:23:28.161655,
d00643af229bcc15,https://lv.linkedin.com/jobs/view/%C5%ABdensdziedniec%C4%ABbas-speci%C4%81lists-fili%C4%81l%C4%93-anti-aging-institute-at-vesel%C4%ABbas-centrs-4-4434534121,"Ūdensdziedniecības speciālists filiālē ""Anti-Aging Institute""",,scraped,2026-07-07T12:23:35.169603,
3cd010d168a9f124,https://lv.linkedin.com/jobs/view/sales-account-manager-at-retn-4437785342,Sales Account Manager,,scraped,2026-07-07T12:23:43.425194,
49bba12da41bee4e,https://lv.linkedin.com/jobs/view/p%C4%81rdo%C5%A1anas-projektu-vad%C4%ABt%C4%81js-at-jcdecaux-4434521919,Pārdošanas projektu vadītājs,,scraped,2026-07-07T12:23:55.028504,
05e5b8a18d8c411a,https://lv.linkedin.com/jobs/view/uz%C5%86%C4%93m%C4%93jdarb%C4%ABbas-statistikas-departamenta-vec%C4%81kais-eksperts-e-at-centr%C4%81l%C4%81-statistikas-p%C4%81rvalde-4433925406,Uzņēmējdarbības statistikas departamenta vecākais eksperts/-e,,scraped,2026-07-07T12:24:02.326547,
0176e96449d32504,https://lv.linkedin.com/jobs/view/partnership-manager-fintech-at-trendsetters-4432764856,Partnership Manager (Fintech),,scraped,2026-07-07T12:24:09.804790,
6d6e4d9dbc1b08bd,https://lv.linkedin.com/jobs/view/vec%C4%81kais-kurjeru-komandas-vad%C4%ABt%C4%81js-a-at-omniva-4434625880,Vecākais kurjeru komandas vadītājs/-a,,scraped,2026-07-07T12:24:18.313235,
2506a59461f0f1f0,https://lv.linkedin.com/jobs/view/information-technology-project-coordinator-at-q-beyond-riga-4427825828,Information Technology Project Coordinator,,scraped,2026-07-07T12:24:25.589807,
16bb6bac61d4c994,https://lv.linkedin.com/jobs/view/produktu-vad%C4%ABt%C4%81js-a-programmat%C5%ABras-pakalpojumiem-un-integr%C4%93tajiem-ikt-risin%C4%81jumiem-valsts-amatpersonas-statuss-at-latvijas-valsts-radio-un-telev%C4%ABzijas-centrs-4435421816,Produktu vadītājs/-a programmatūras pakalpojumiem un integrētajiem IKT risinājumiem (Valsts amatpersonas statuss),,scraped,2026-07-07T12:24:35.902990,
f6acca40019a270b,https://lv.linkedin.com/jobs/view/risin%C4%81jumu-vad%C4%ABt%C4%81js-a-jauniem-produktiem-datorredzes-un-mobilit%C4%81tes-biznesam-at-latvijas-mobilais-telefons-sia-4435250762,Risinājumu vadītājs/-a (jauniem produktiem datorredzes un mobilitātes biznesam),,scraped,2026-07-07T12:24:43.529473,
52fbea3d9e0cc7d7,https://lv.linkedin.com/jobs/view/kvalit%C4%81tes-vad%C4%ABbas-sist%C4%93mas-speci%C4%81lists-e-quality-management-system-qms-specialis-at-ae-partner-4436478527,Kvalitātes vadības sistēmas speciālists/-e (Quality Management System (QMS) Specialis),,scraped,2026-07-07T12:24:54.973117,
51e0324ec4db3cca,https://lv.linkedin.com/jobs/view/marketing-manager-latvia-at-omniva-4435535834,Marketing Manager Latvia,,scraped,2026-07-07T12:25:04.049322,
7ab551ce8411182e,https://lv.linkedin.com/jobs/view/qa-specialist-at-decta-4436565748,QA Specialist,,scraped,2026-07-07T12:25:13.343122,
2e490581b1d54971,https://lv.linkedin.com/jobs/view/genesys-cloud-cx-support-engineer-at-intrum-4433923838,Genesys Cloud CX Support Engineer,,scraped,2026-07-07T12:25:33.452693,
5f0e006084f64a8b,https://lv.linkedin.com/jobs/view/p%C4%81rdo%C5%A1anas-vad%C4%ABt%C4%81js-industri%C4%81lie-s%C5%ABk%C5%86i-b2b-4433794673,PĀRDOŠANAS VADĪTĀJS (Industriālie sūkņi / B2B),LABIINK,posted,2026-07-07T12:25:49.995357,148
07ad53faf8b0bbc5,https://lv.linkedin.com/jobs/view/%D0%BC%D0%B5%D0%BD%D0%B5%D0%B4%D0%B6%D0%B5%D1%80-%D0%BF%D0%BE-%D0%BF%D1%80%D0%BE%D0%B4%D0%B0%D0%B6%D0%B0%D0%BC-4432322716,Менеджер по продажам,Systemax SIA,failed|wp_post_failed,2026-07-07T12:25:53.548478,
329d8627df00928c,https://lv.linkedin.com/jobs/view/m%C4%81sas-pal%C4%ABgs-jaun%C4%81kais-m%C4%81sas-pal%C4%ABgs-4-urolo%C4%A3ijas-noda%C4%BCa-pusslodzes-darbs-at-paula-stradi%C5%86a-kl%C4%ABnisk%C4%81-universit%C4%81tes-slimn%C4%ABca-4435247435,MĀSAS PALĪGS/JAUNĀKAIS MĀSAS PALĪGS 4. Uroloģijas nodaļa (pusslodzes darbs),,scraped,2026-07-07T12:25:56.125280,
458b17105956a8bb,https://lv.linkedin.com/jobs/view/invest%C4%ABciju-p%C4%81rvaldnieks-konsultants-at-luminor-group-4435460032,Investīciju pārvaldnieks - konsultants,Luminor Group,posted,2026-07-07T12:26:19.918912,150
a357ab290088a831,https://lv.linkedin.com/jobs/view/mehatronikas-in%C5%BEenieris-at-electronia-ltd-4433945102,MEHATRONIKAS INŽENIERIS,Electronia Ltd.,posted,2026-07-07T12:26:30.496050,152
16a289ec4e6e309b,https://lv.linkedin.com/jobs/view/operations-fp-a-analyst-at-aerones-4432621840,Operations FP&A Analyst,,scraped,2026-07-07T12:26:41.199702,
cd62809595fcc274,https://lv.linkedin.com/jobs/view/accountant-for-business-unit-germany-at-circle-k-4425297430,Accountant for Business Unit Germany,,scraped,2026-07-07T12:26:52.015126,
68a02596b97a4411,https://lv.linkedin.com/jobs/view/tech-lead-at-luminor-group-4437775121,Tech Lead,Luminor Group,posted,2026-07-07T12:27:16.685894,154
2d3b215b041968d5,https://lv.linkedin.com/jobs/view/financial-controller-at-circle-k-4435257062,Financial Controller,,scraped,2026-07-07T12:27:21.376567,
ce5d7e3b388f8f93,https://lv.linkedin.com/jobs/view/private-banking-specialist-biznesa-pakalpojumu-speci%C4%81lists-e-seb-riga-at-seb-latvija-4435515801,"Private Banking Specialist/Biznesa pakalpojumu speciālists/-e| SEB, Riga",,scraped,2026-07-07T12:27:27.803780,
dca285d1c824025e,https://lv.linkedin.com/jobs/view/gr%C4%81matvedis-e-kr%C4%81jumu-un-debitoru-uzskaites-jom%C4%81-at-b%C4%93rnu-kl%C4%ABnisk%C4%81-universit%C4%81tes-slimn%C4%ABca-children-s-clinical-university-hospital-4437129674,Grāmatvedis/-e krājumu un debitoru uzskaites jomā,,scraped,2026-07-07T12:27:35.854753,
a5bc9f6d7896d42c,https://lv.linkedin.com/jobs/view/senior-sales-specialist-at-strategic-staffing-solutions-4436312730,Senior Sales Specialist,Strategic Staffing Solutions,posted,2026-07-07T12:27:51.952109,156
b9d45ca70c4b0c32,https://lv.linkedin.com/jobs/view/gnc-engineer-px4-flight-tuning-at-redwire-europe-4421134080,GNC Engineer-PX4 Flight Tuning,,scraped,2026-07-07T12:27:54.558293,
53624b68e1128c26,https://lv.linkedin.com/jobs/view/danish-speaking-customer-support-for-booking-com-work-and-live-in-greece-at-mercier-consultancy-md-4437158758,Danish Speaking Customer Support for Booking.com - Work and Live in Greece,Mercier Consultancy MD,posted,2026-07-07T12:28:10.276709,158
e050c714568155dd,https://lv.linkedin.com/jobs/view/inventory-warehouse-operations-specialist-at-epson-europe-b-v-4437767334,Inventory & Warehouse Operations Specialist,,scraped,2026-07-07T12:28:20.964115,
cdce9a61fc44b6d3,https://lv.linkedin.com/jobs/view/gr%C4%81matvedis-at-radisson-hotel-group-4436311048,Grāmatvedis,Radisson Hotel Group,posted,2026-07-07T12:28:40.826015,160
0a0516efe83137fe,https://lv.linkedin.com/jobs/view/b2b-klientu-attiec%C4%ABbu-att%C4%ABst%C4%ABt%C4%81js-a-at-rolling-sia-4433174412,B2B klientu attiecību attīstītājs/-a,,scraped,2026-07-07T12:29:03.724675,
053b711f74f935ad,https://lv.linkedin.com/jobs/view/hr-specialist-at-kronospan-4437174687,HR Specialist,,scraped,2026-07-07T12:29:11.539445,
2957423ebb6613d2,https://lv.linkedin.com/jobs/view/ai-process-digitalisation-specialist-at-kronospan-4437178356,AI & Process Digitalisation Specialist,,scraped,2026-07-07T12:29:23.102028,
1c2b16858a8ef51f,https://lv.linkedin.com/jobs/view/information-security-manager-inform%C4%81cijas-dro%C5%A1%C4%ABbas-vad%C4%ABt%C4%81js-a-in-the-baltic-it-information-security-team-seb-riga-at-seb-latvija-4437727970,"Information Security Manager / Informācijas drošības vadītājs/-a in the Baltic IT & Information Security team | SEB, Riga",,scraped,2026-07-07T12:29:30.406239,
acd89b9a949c513e,https://lv.linkedin.com/jobs/view/automeh%C4%81ni%C4%B7is-at-scania-latvia-4435592940,Automehāniķis,,scraped,2026-07-07T12:29:39.938947,
bba4de7ccdb1fbca,https://lv.linkedin.com/jobs/view/senior-software-engineer-java-remote-work-ref%23293753-at-bairesdev-4426557399,Senior Software Engineer (Java) - Remote Work | REF#293753,BairesDev,posted,2026-07-07T12:29:58.504570,162
b002afb49446e7c2,https://lv.linkedin.com/jobs/view/express-lube-technician-at-mills-automotive-group-4433995781,Express / Lube Technician,Mills Automotive Group,posted,2026-07-07T12:30:12.158440,164
9772453a2d9f89ac,https://lv.linkedin.com/jobs/view/p%C4%81rdev%C4%93js-ned%C4%93%C4%BCas-nogal%C4%93s-jysk-veikal%C4%81-t-c-domina-s-5h-sv-5h-at-jysk-baltics-4435838265,"Pārdevējs nedēļas nogalēs JYSK veikalā t/c Domina"" (S-5h, SV-5h)",JYSK Baltics,posted,2026-07-07T12:30:29.827159,166
8475ea57def4f881,https://lv.linkedin.com/jobs/view/meta-ads-specialist-real-estate-fintech-performance-marketing-at-rocketscience-4437132960,Meta Ads Specialist - Real Estate & Fintech Performance Marketing,,scraped,2026-07-07T12:30:32.507257,
358b64ff110b3250,https://lv.linkedin.com/jobs/view/danish-speaking-customer-support-specialist-travel-industry-at-concentrix-4423684050,Danish-speaking Customer Support specialist (Travel industry),Concentrix,posted,2026-07-07T12:30:47.454825,168
0e7d1291094299ad,https://lv.linkedin.com/jobs/view/german-speaking-service-desk-specialist-at-strategic-staffing-solutions-4436482769,German Speaking Service Desk Specialist,Strategic Staffing Solutions,posted,2026-07-07T12:30:57.364893,170
b90da165bafd87d4,https://lv.linkedin.com/jobs/view/p%C4%81rdev%C4%93js-pre%C4%8Du-pie%C5%86%C4%93m%C4%93js-jysk-veikal%C4%81-t-c-domina-20h-ned%C4%93%C4%BC%C4%81-at-jysk-baltics-4435839199,"Pārdevējs - preču pieņēmējs JYSK veikalā T/C ""Domina"" (20h nedēļā)",JYSK Baltics,posted,2026-07-07T12:31:10.825589,172
cbfc3c61075ecfa7,https://lv.linkedin.com/jobs/view/lead-analyst-supply-analytics-bangkok-based-relocation-provided-at-agoda-4372113342,"Lead Analyst (Supply Analytics, Bangkok-based, Relocation provided)",Agoda,posted,2026-07-07T12:31:27.102804,174
f72f6ac23d630a42,https://lv.linkedin.com/jobs/view/d%C3%A9veloppeur-iot-6-mois-at-nextcog-4436958962,Développeur IOT ( 6 mois ),,scraped,2026-07-07T12:31:29.655323,
8285d2ca6048fdc2,https://lv.linkedin.com/jobs/view/charg%C3%A9-de-communication-marketing-technique-iot-6-mois-at-nextcog-4436974394,Chargé de Communication & Marketing Technique IOT ( 6 mois ),,scraped,2026-07-07T12:31:36.517921,
7493ecfdc90fad5a,https://lv.linkedin.com/jobs/view/back-end-staff-software-engineer-bangkok-based-relocation-provided-at-agoda-4299768512,"Back End Staff Software Engineer (Bangkok based, Relocation provided)",Agoda,posted,2026-07-07T12:31:53.195878,176
40bce5a57a72d58d,https://lv.linkedin.com/jobs/view/senior-software-engineer-frontend-pro-at-kraken-4416580309,Senior Software Engineer - Frontend - Pro,Kraken,posted,2026-07-07T12:32:05.230371,178
427aead0b5e81179,https://lv.linkedin.com/jobs/view/german-speaking-logistics-support-specialist-at-circle-k-4405984725,German Speaking Logistics Support Specialist,,scraped,2026-07-07T12:32:07.897363,
13e944934a5fc84c,https://lv.linkedin.com/jobs/view/apsarga-darbs-ogr%C4%93-at-g4s-4437723229,Apsarga darbs Ogrē,,scraped,2026-07-07T12:32:16.371545,
3785d95a5c62751b,https://lv.linkedin.com/jobs/view/manager-data-analytics-consulting-at-epam-systems-4355798034,"Manager, Data Analytics Consulting",EPAM Systems,posted,2026-07-07T12:32:33.159074,180
4edcbd5a3a5713cb,https://lv.linkedin.com/jobs/view/distributed-systems-engineer-apache-big-data-internals-remote-work-ref%23294476-at-bairesdev-4426570358,Distributed Systems Engineer (Apache Big Data Internals) - Remote Work | REF#294476,BairesDev,posted,2026-07-07T12:32:51.029937,182
dd795d0bdba0fe4f,https://lv.linkedin.com/jobs/view/sap-logistics-consultant-sd-s-4hana-at-epam-systems-4418765449,"SAP Logistics Consultant SD, S/4HANA",EPAM Systems,posted,2026-07-07T12:33:02.191248,184
e766e9d3760ccbca,https://lv.linkedin.com/jobs/view/sap-logistics-consultant-sd-s-4hana-at-epam-systems-4418761450,"SAP Logistics Consultant SD, S/4HANA",EPAM Systems,scraped,2026-07-07T12:33:06.397611,
2c4cb0495a2b365b,https://lv.linkedin.com/jobs/view/middle-level-software-engineer-to-credit-decisions-cft-at-swedbank-latvija-4433967049,Middle level Software Engineer to Credit Decisions CFT,,scraped,2026-07-07T12:33:11.084342,
6818ccc3f44b77bb,https://lv.linkedin.com/jobs/view/distributed-storage-engineer-apache-ozone-internals-remote-work-ref%23294430-at-bairesdev-4426557460,Distributed Storage Engineer (Apache Ozone Internals) - Remote Work | REF#294430,BairesDev,posted,2026-07-07T12:33:25.048791,186
d157810d86a7899f,https://lv.linkedin.com/jobs/view/human-machine-interface-hmi-ipt-lead-software-engineering-at-redwire-europe-4421138081,Human Machine Interface (HMI) IPT Lead- Software Engineering,,scraped,2026-07-07T12:33:29.702028,
28ab19e9e8d2c091,https://lv.linkedin.com/jobs/view/ruby-software-development-engineer-at-gocardless-4406645132,Ruby Software Development Engineer,,scraped,2026-07-07T12:33:39.060499,
fe485f55a5e24b3c,https://lv.linkedin.com/jobs/view/darbs-apsargam-r%C4%ABgas-centr%C4%81-at-g4s-4437705915,Darbs apsargam Rīgas centrā,,scraped,2026-07-07T12:33:50.151600,
d96d0a62065165c8,https://lv.linkedin.com/jobs/view/darbs-%C4%B7%C4%ABpsal%C4%81-mai%C5%86u-vad%C4%ABt%C4%81jam-at-g4s-4437705916,Darbs Ķīpsalā maiņu vadītājam,,scraped,2026-07-07T12:34:00.019870,
598772cd15eb62e7,https://lv.linkedin.com/jobs/view/apsargs-kontroles-grup%C4%81-r%C4%ABg%C4%81-%C4%B7engarag%C4%81-at-g4s-4437716629,"Apsargs kontroles grupā Rīgā, Ķengaragā",,scraped,2026-07-07T12:34:09.817517,
6011e2b7c4a7d637,https://lv.linkedin.com/jobs/view/tirdzniec%C4%ABbas-p%C4%81rst%C4%81vis-kurzemes-re%C4%A3ion%C4%81-at-scania-latvia-4435811099,Tirdzniecības pārstāvis Kurzemes reģionā,,scraped,2026-07-07T12:34:19.484775,
39b7360c3d599095,https://lv.linkedin.com/jobs/view/staff-java-backend-developer-remote-work-ref%23290332-at-bairesdev-4420468195,Staff Java Backend Developer - Remote Work | REF#290332,BairesDev,posted,2026-07-07T12:34:35.874288,188
3c5cb9c7a7c3dd22,https://lv.linkedin.com/jobs/view/darbs-apsargam-koknes%C4%93-at-g4s-4437723226,Darbs apsargam Koknesē,,scraped,2026-07-07T12:34:38.600471,
b914f67610d09ecf,https://lv.linkedin.com/jobs/view/consultant-product-security-regulatory-compliance-industrial-ot-ai-systems-at-epam-systems-4432390734,Consultant - Product Security & Regulatory Compliance (Industrial OT/AI Systems),EPAM Systems,posted,2026-07-07T12:34:56.424353,190
b56330fb35eb9aab,https://lv.linkedin.com/jobs/view/sap-fico-engineering-manager-at-epam-systems-4403762203,SAP FICO Engineering Manager,EPAM Systems,posted,2026-07-07T12:35:08.402058,192
c9f5b598dc722bd6,https://lv.linkedin.com/jobs/view/tirdzniec%C4%ABbas-p%C4%81rst%C4%81vis-kurzemes-re%C4%A3ion%C4%81-at-scania-latvia-4435804527,Tirdzniecības pārstāvis Kurzemes reģionā,,scraped,2026-07-07T12:35:11.118569,
a83f2f4303b51110,https://lv.linkedin.com/jobs/view/forward-deployed-engineer-chief-role-at-epam-systems-4433934054,Forward Deployed Engineer (Chief Role),EPAM Systems,posted,2026-07-07T12:35:26.736207,194
07b97af7c2d54d9f,https://lv.linkedin.com/jobs/view/senior-fpga-team-lead-at-isg-international-service-group-4436541210,Senior FPGA Team Lead,,scraped,2026-07-07T12:35:37.385515,
1b39d6bdfea2e2a4,https://lv.linkedin.com/jobs/view/senior-ai-compute-infrastructure-engineer-at-kraken-4415688125,Senior AI Compute Infrastructure Engineer,Kraken,posted,2026-07-07T12:35:53.615363,196
d438d5b014c3b750,https://lv.linkedin.com/jobs/view/apsargs-me%C5%BEciem%C4%81-industri%C4%81l%C4%81-objekt%C4%81-at-g4s-4437720497,Apsargs Mežciemā industriālā objektā,,scraped,2026-07-07T12:35:56.231544,
6d9f981b75050e17,https://lv.linkedin.com/jobs/view/german-speaking-logistics-support-team-lead-at-circle-k-4405979801,German Speaking Logistics Support Team Lead,,scraped,2026-07-07T12:36:06.197301,
ca769359772505cf,https://lv.linkedin.com/jobs/view/tax-manager-for-ckets-at-circle-k-4416307291,Tax Manager for CKETS,,scraped,2026-07-07T12:36:12.976423,
7fe549ee230ec8ae,https://lv.linkedin.com/jobs/view/travel-advisor-for-sas-with-danish-relocation-to-warsaw-at-concentrix-4436323393,Travel Advisor for SAS with Danish (Relocation to Warsaw),Concentrix,posted,2026-07-07T12:36:30.922325,198
5ce26dff73f53aa3,https://lv.linkedin.com/jobs/view/german-speaking-junior-logistics-support-specialist-at-circle-k-4406232237,German Speaking Junior Logistics Support Specialist,,scraped,2026-07-07T12:36:33.650914,
0be86abcfcbb9a38,https://lv.linkedin.com/jobs/view/p%C4%81rdev%C4%93js-a-circle-k-ziepniekkalns-ziepniekkalna-iela-9-r%C4%ABga-at-circle-k-4434336701,"Pārdevējs/-a Circle K Ziepniekkalns (Ziepniekkalna iela 9, Rīga)",,scraped,2026-07-07T12:36:39.993407,
3496dca20175f2f9,https://lv.linkedin.com/jobs/view/customer-experience-manager-at-exante-4436310056,Customer Experience Manager,,scraped,2026-07-07T20:33:59.851759,
b25f4521ddd47b80,https://lv.linkedin.com/jobs/view/head-of-sales-at-evotym-4435288637,Head of Sales,,scraped,2026-07-07T20:34:07.230885,
75592b03f23da01f,https://lv.linkedin.com/jobs/view/head-of-sales-at-evotym-4435299398,Head of Sales,,scraped,2026-07-07T20:34:14.077605,
1317748d83b0c744,https://lv.linkedin.com/jobs/view/cleaner-at-avanta-care-home-health-4432320272,Cleaner,Avanta Care Home Health,posted,2026-07-07T20:34:28.780009,200
1dd5849476130238,https://lv.linkedin.com/jobs/view/customer-support-specialist-freelance-ai-trainer-at-mindrift-4436194924,Customer Support Specialist - Freelance AI Trainer,Mindrift,posted,2026-07-07T20:34:37.595760,202
136c65557bf81a33,https://lv.linkedin.com/jobs/view/marketing-manager-at-centro-ortnec-4433174316,Marketing manager,,scraped,2026-07-07T20:34:40.456220,
64ca99c402a8c717,https://lv.linkedin.com/jobs/view/data-focused-project-coordinator-remote-contract-at-infuse-4437781657,"Data-Focused Project Coordinator (Remote, Contract)",INFUSE,posted,2026-07-07T20:34:53.299294,204
a591e86972e44410,https://lv.linkedin.com/jobs/view/real-estate-agent-at-certum-estate-4432377944,Real Estate Agent,,scraped,2026-07-07T20:34:57.997416,
b9b3111ee4330ea6,https://lv.linkedin.com/jobs/view/people-operations-specialist-hybrid-in-riga-at-fyul-4437841496,People Operations Specialist (Hybrid in Riga),FYUL,posted,2026-07-07T20:35:20.614859,206
44126d8defec97d9,https://lv.linkedin.com/jobs/view/ux-ui-design-lead-at-syntx-ai-4434520731,UX/UI Design Lead,SYNTX AI,posted,2026-07-07T20:35:37.578314,208
c3e478b24e12307a,https://lv.linkedin.com/jobs/view/sales-development-representative-eu-b2b-at-tripleten-indonesia-4433725301,Sales Development Representative EU (B2B),TripleTen Indonesia,posted,2026-07-07T20:35:48.542598,210
82a75336c183150e,https://lv.linkedin.com/jobs/view/product-manager-at-asbis-baltics-4426365146,Product Manager,,scraped,2026-07-07T20:35:57.194741,
a40857d38df9acd0,https://lv.linkedin.com/jobs/view/assistant-project-manager-at-perfection-media-e-commerce-growth-4434502571,Assistant Project Manager,Perfection Media | e-commerce growth,posted,2026-07-07T20:36:17.404428,212
4ec09884be644565,https://lv.linkedin.com/jobs/view/salesperson-at-venueplace-4434566025,Salesperson,,scraped,2026-07-07T20:36:28.220405,
6b25e10f284102ee,https://lv.linkedin.com/jobs/view/engineering-manager-100%25-remote-emea-cloud-computing-at-pragmatike-4435807373,Engineering Manager (100% Remote EMEA) - Cloud Computing,,scraped,2026-07-07T20:36:35.095335,
ef64c38b7500692d,https://lv.linkedin.com/jobs/view/private-banker-fintech-at-evotym-4435474745,Private Banker (Fintech),,scraped,2026-07-07T20:36:41.746776,
786a225eab76aa90,https://lv.linkedin.com/jobs/view/aml-specialist-at-evotym-4434399287,AML Specialist,,scraped,2026-07-07T20:36:48.375045,
308175076c505224,https://lv.linkedin.com/jobs/view/komunik%C4%81ciju-un-soci%C4%81lo-m%C4%93diju-assistents-at-latvian-badminton-federation-4434506708,Komunikāciju un Sociālo Mēdiju assistents,,scraped,2026-07-07T20:36:54.923731,
db4ff0202daec6b4,https://lv.linkedin.com/jobs/view/cards-operations-specialist-financial-services-at-payally-global-4436805989,Cards Operations Specialist - financial services,,scraped,2026-07-07T20:37:06.225135,
3ccbf1a7fe930230,https://lv.linkedin.com/jobs/view/emea-customer-care-representative-at-cabot-corporation-4437837368,EMEA Customer Care Representative,Cabot Corporation,posted,2026-07-07T20:37:24.780531,214
a096e54bc87fdf67,https://lv.linkedin.com/jobs/view/gr%C4%81matvedis-e-at-media-hub-riga-4434509873,Grāmatvedis/-e,,scraped,2026-07-07T20:37:33.437808,
aff48706701838e2,https://lv.linkedin.com/jobs/view/tele2-centra-p%C4%81rdo%C5%A1anas-speci%C4%81lists-t-c-rimi-j%C5%ABrmal%C4%81-at-tele2-latvia-4427714514,"Tele2 centra pārdošanas speciālists t/c Rimi, Jūrmalā",,scraped,2026-07-07T20:37:40.107216,
63402e38ce90e693,https://lv.linkedin.com/jobs/view/senior-survey-methodology-expert-at-ntu-international-a-s-4437814881,Senior Survey Methodology Expert,,scraped,2026-07-07T20:37:50.154590,
d9159f1699835460,https://lv.linkedin.com/jobs/view/klientu-apkalpo%C5%A1anas-operators-%E2%80%93-sta%C5%BEieris-e-darbs-uz-noteiktu-laiku-no-29-j%C5%ABlija-l%C4%ABdz-30-septembrim-at-r%C4%ABgas-satiksme-4435451244,KLIENTU APKALPOŠANAS OPERATORS – STAŽIERIS/-E (darbs uz noteiktu laiku no 29. jūlija līdz 30. septembrim),Rīgas satiksme,posted,2026-07-07T20:38:14.215156,216
a2c870ad393c66d1,https://lv.linkedin.com/jobs/view/vec%C4%81kais-biznesa-anal%C4%ABti%C4%B7is-e-naudas-p%C4%81rvald%C4%ABbas-departament%C4%81-at-luminor-group-4435478625,Vecākais biznesa analītiķis/-e (Naudas pārvaldības departamentā),Luminor Group,posted,2026-07-07T20:38:37.076262,218
f16031feda6c0651,https://lv.linkedin.com/jobs/view/lead-data-scientist-at-bondora-4437813209,Lead Data Scientist,,scraped,2026-07-07T20:38:39.732849,
218e8174419b4ffd,https://lv.linkedin.com/jobs/view/artificial-intelligence-co-founder-head-of-product-100-%25-remote-m-f-d-at-ewor-4435485074,Artificial Intelligence Co-Founder / Head of Product (100 % remote) (m/f/d),,scraped,2026-07-07T20:38:47.320129,
2cdf59b803ba2c5f,https://lv.linkedin.com/jobs/view/sports-data-collector-football-jelgava-latvia-at-genius-sports-4423167207,"Sports Data Collector (Football) - Jelgava, Latvia",,scraped,2026-07-07T20:38:58.114751,
cfb1f1c31d28aebd,https://lv.linkedin.com/jobs/view/gr%C4%81matvedis-e-at-storent-europe-4437410467,GRĀMATVEDIS /-E,,scraped,2026-07-07T20:39:04.628090,
2766967ceb4a9634,https://lv.linkedin.com/jobs/view/mlro-in-crypto-fintech-latvia-at-protegra-4433942751,MLRO in Crypto/Fintech (Latvia),,scraped,2026-07-07T20:39:11.045255,
5db3facee5302713,https://lv.linkedin.com/jobs/view/desktop-support-technician-at-sharp-brains-4434550307,Desktop Support Technician,,scraped,2026-07-07T20:39:18.426875,
7b6dba062e3d77be,https://lv.linkedin.com/jobs/view/medic%C4%ABnas-un-dz%C4%ABv%C4%ABbas-zin%C4%81t%C5%86u-fakult%C4%81te-at-university-of-latvia-faculty-of-economics-and-social-sciences-4434520801,Medicīnas un dzīvības zinātņu fakultāte,University of Latvia Faculty of Economics and Social Sciences,posted,2026-07-07T20:39:39.392399,220
bfcd18753a7f6a12,https://lv.linkedin.com/jobs/view/freelance-regional-clinical-trial-coordinator-at-rho-4416686774,Freelance Regional Clinical Trial Coordinator,Rho,posted,2026-07-07T20:39:51.092178,222
f5ea9dc8b67eb9cc,https://lv.linkedin.com/jobs/view/autoelektri%C4%B7is-at-moller-auto-baltic-4434604726,Autoelektriķis,,scraped,2026-07-07T20:39:53.760684,
2dfcf2106cc6ee49,https://lv.linkedin.com/jobs/view/projektu-vad%C4%ABbas-da%C4%BCas-vad%C4%ABt%C4%81js-a-at-b%C4%93rnu-kl%C4%ABnisk%C4%81-universit%C4%81tes-slimn%C4%ABca-children-s-clinical-university-hospital-4437123916,Projektu vadības daļas vadītājs/-a,,scraped,2026-07-07T20:40:00.778060,
4d3a5febfff16d5b,https://lv.linkedin.com/jobs/view/supply-chain-co-founder-head-of-engineering-100-%25-remote-m-f-d-at-ewor-4435476661,Supply Chain Co-Founder / Head of Engineering (100 % remote) (m/f/d),,scraped,2026-07-07T20:40:08.682208,
12382fbd28e684f8,https://lv.linkedin.com/jobs/view/datu-zin%C4%81tnieks-data-scientist-risk-and-fraud-detection-ml-at-evolution-4432328656,Datu zinātnieks / Data Scientist (Risk and fraud detection/ML),,scraped,2026-07-07T20:40:15.444290,
1b989733d88f6c13,https://lv.linkedin.com/jobs/view/security-guard-at-brink%E2%80%99s-inc-4435160997,Security guard,Brink’s Inc,posted,2026-07-07T20:40:35.866521,224
2700990ebbe43405,https://lv.linkedin.com/jobs/view/priv%C4%81tba%C5%86%C4%B7ieris-fintech-at-evotym-4435401192,Privātbaņķieris (FinTech),,scraped,2026-07-07T20:40:38.503083,
e08f421e648dcbc6,https://lv.linkedin.com/jobs/view/senior-fullstack-engineer-remote-at-pragmatike-4436797255,Senior Fullstack Engineer (Remote),,scraped,2026-07-07T20:40:45.167054,
9e2f7a86f69af135,https://lv.linkedin.com/jobs/view/sourcer-recruiter-at-cabot-corporation-4437169259,Sourcer / Recruiter,Cabot Corporation,posted,2026-07-07T20:41:02.738324,226
bcbe5600692c7ce2,https://lv.linkedin.com/jobs/view/apsargs-r%C4%ABgas-centr%C4%81-tirdzniec%C4%ABbas-objekt%C4%81-at-g4s-4437711761,"Apsargs Rīgas centrā, tirdzniecības objektā",,scraped,2026-07-07T20:41:09.457735,
9018272ce91d7568,https://lv.linkedin.com/jobs/view/operat%C4%ABvais-darbinieks-r%C4%ABgas-centr%C4%81-un-p%C4%81rdaugav%C4%81-at-g4s-4437719507,Operatīvais darbinieks Rīgas centrā un Pārdaugavā.,,scraped,2026-07-07T20:41:23.394331,
9ce3648dbee44db9,https://lv.linkedin.com/jobs/view/apsargs-ziepniekkaln%C4%81-at-g4s-4437721471,Apsargs Ziepniekkalnā,,scraped,2026-07-07T20:41:33.160479,
ea82094fcf2f3372,https://lv.linkedin.com/jobs/view/operat%C4%ABvais-darbinieks-sald%C5%AB-at-g4s-4437717578,Operatīvais darbinieks Saldū,,scraped,2026-07-07T20:41:42.663860,
f7d3bb696745e97e,https://lv.linkedin.com/jobs/view/apsargs-industri%C4%81l%C4%81-objekt%C4%81-%C4%B7%C4%ABpsal%C4%81-at-g4s-4437707857,Apsargs industriālā objektā Ķīpsalā,,scraped,2026-07-07T20:41:52.789618,
574b9b0f43554471,https://lv.linkedin.com/jobs/view/trade-management-and-support-officer-at-circle-k-4427732921,Trade Management and Support Officer,,scraped,2026-07-07T20:42:02.442654,
d7c3fb6b2ab31efd,https://lv.linkedin.com/jobs/view/team-leader-in-accounts-receivable-team-at-circle-k-4427704357,Team Leader in Accounts Receivable team,,scraped,2026-07-07T20:42:09.000774,
a1d3f89699c2c356,https://lv.linkedin.com/jobs/view/compliance-monitoring-officer-darb%C4%ABbas-atbilst%C4%ABbas-speci%C4%81lists-e-seb-riga-at-seb-latvija-4437138470,"Compliance monitoring officer/ Darbības atbilstības speciālists/-e | SEB, Riga",,scraped,2026-07-07T20:42:15.348660,
88e94ad217b5bfb7,https://lv.linkedin.com/jobs/view/m%C4%81sas-visp%C4%81r%C4%93j%C4%81s-apr%C5%ABpes-m%C4%81sa-pusaud%C5%BEu-atkar%C4%ABbu-%C4%81rst%C4%93%C5%A1anas-komand%C4%81-at-b%C4%93rnu-kl%C4%ABnisk%C4%81-universit%C4%81tes-slimn%C4%ABca-children-s-clinical-university-hospital-4437134332,Māsas (vispārējās aprūpes māsa) Pusaudžu atkarību ārstēšanas komandā,,scraped,2026-07-07T20:42:23.674409,
32f559c82285ac24,https://lv.linkedin.com/jobs/view/virsb%C5%ABvju-remonta-atsl%C4%93dznieki%0A-%0A%0A-%0Avirsb%C5%ABves%0A%0A-%C2%B7%0A%0A-moller-auto-virsb%C5%ABvju-centrs-at-moller-auto-baltic-4435540043,"Virsbūvju remonta atslēdznieki
    

    
Virsbūves

  ·

    Moller Auto Virsbūvju centrs",,scraped,2026-07-07T20:42:31.178030,
57bf170e8e6a4872,https://lv.linkedin.com/jobs/view/desktop-support-technician-at-sharp-brains-4434542879,Desktop Support Technician,,scraped,2026-07-07T20:42:37.757656,
0502c52ed6fa3eae,https://lv.linkedin.com/jobs/view/accountant-in-station-accounting-at-circle-k-4406534351,Accountant in Station Accounting,,scraped,2026-07-07T20:42:46.544794,
73091330421fd80b,https://lv.linkedin.com/jobs/view/project-manager-at-circle-k-4436592570,PROJECT MANAGER,,scraped,2026-07-07T20:42:52.878815,
7523cc290330895e,https://lv.linkedin.com/jobs/view/desktop-support-technician-at-sharp-brains-4434536951,Desktop Support Technician,,scraped,2026-07-07T20:43:03.061596,
a9893e27caa60a2a,https://lv.linkedin.com/jobs/view/senior-land-management-rangeland-expert-at-ntu-international-a-s-4435811245,Senior Land Management / Rangeland Expert,,scraped,2026-07-07T20:43:21.622193,
6e3e970d176336d3,https://lv.linkedin.com/jobs/view/finan%C5%A1u-sankciju-speci%C4%81lists-e-at-swedbank-latvija-4433196335,Finanšu sankciju speciālists(-e),,scraped,2026-07-07T20:43:28.901312,
490fe49478e5b667,https://lv.linkedin.com/jobs/view/senior-salesforce-developer-at-accenture-baltics-4369819852,Senior Salesforce Developer,Accenture Baltics,posted,2026-07-07T20:43:54.829923,228
313eb74b55ec265b,https://lv.linkedin.com/jobs/view/sap-project-manager-delivery-lead-at-accenture-baltics-4436835021,SAP Project Manager/Delivery Lead,Accenture Baltics,posted,2026-07-07T20:44:15.836312,230
2665ec65137aebe4,https://lv.linkedin.com/jobs/view/tehniskais-vad%C4%ABt%C4%81js-risku-un-finan%C5%A1u-atskaites-at-luminor-group-4436589829,Tehniskais vadītājs (Risku un Finanšu atskaites),Luminor Group,posted,2026-07-07T20:44:35.699579,232
0e4ba0aafe84535e,https://lv.linkedin.com/jobs/view/head-of-ict-risk-management-ikt-riska-vad%C4%ABbas-vad%C4%ABt%C4%81js-a-seb-riga-at-seb-latvija-4435516727,"Head of ICT Risk management (IKT riska vadības vadītājs/-a) | SEB, Riga",,scraped,2026-07-07T20:44:38.435807,
6e97ba126d15a016,https://lv.linkedin.com/jobs/view/head-of-customer-value-management-at-international-personal-finance-plc-4436596603,Head of Customer Value Management,,scraped,2026-07-07T20:44:45.894081,
ac5f617283817355,https://lv.linkedin.com/jobs/view/dro%C5%A1%C4%ABbas-arhitekts-e-at-luminor-group-4435241873,Drošības arhitekts/-e,Luminor Group,posted,2026-07-07T20:45:20.914991,234
9b9c0a1ecf63ea90,https://lv.linkedin.com/jobs/view/longevity-co-founder-cpo-100-%25-remote-m-f-d-at-ewor-4435478569,Longevity Co-Founder / CPO (100 % remote) (m/f/d),,scraped,2026-07-07T20:45:27.584438,
0ddd9cc9241495eb,https://lv.linkedin.com/jobs/view/sanctions-screening-specialist-seb-riga-at-seb-latvija-4436702885,"Sanctions Screening Specialist| SEB, Riga",,scraped,2026-07-07T20:45:36.465717,
f7b9ef3e4ffdbffe,https://lv.linkedin.com/jobs/view/data-analyst-in-baltic-banking-anti-financial-crime-at-swedbank-latvija-4433189505,Data Analyst in Baltic Banking Anti-Financial Crime,,scraped,2026-07-07T20:45:45.928539,
cb6f3e2a184e2354,https://lv.linkedin.com/jobs/view/it-transform%C4%81cijas-arhitekt%C5%ABras-vad%C4%ABt%C4%81js-a-at-latvijas-mobilais-telefons-sia-4436841581,IT transformācijas arhitektūras vadītājs/-a,,scraped,2026-07-07T20:45:54.474991,
ba8668d31178f3b6,https://lv.linkedin.com/jobs/view/vec%C4%81kais-projektu-vad%C4%ABt%C4%81js-jomas-eksperts-at-rtu-hpc-center-4432332688,VECĀKAIS PROJEKTU VADĪTĀJS / JOMAS EKSPERTS,,scraped,2026-07-07T20:46:04.605298,
1310119ee97153e2,https://lv.linkedin.com/jobs/view/senior-agricultural-statistics-expert-at-ntu-international-a-s-4437769495,Senior Agricultural Statistics Expert,,scraped,2026-07-07T20:46:12.562982,
f87eda94aa4832fe,https://lv.linkedin.com/jobs/view/responsible-gaming-specialist-at-olybet-group-4436548224,Responsible Gaming Specialist,,scraped,2026-07-07T20:46:19.976294,
318e1fca68fca71e,https://lv.linkedin.com/jobs/view/senior-quality-engineer-java-remote-work-ref%23293854-at-bairesdev-4426567333,Senior Quality Engineer (Java) - Remote Work | REF#293854,BairesDev,posted,2026-07-07T20:46:40.195209,236
0d7b282c72f1366b,https://lv.linkedin.com/jobs/view/vec%C4%81kais-%C4%81-uzraudz%C4%ABbas-eksperts-e-finan%C5%A1u-tehnolo%C4%A3iju-uzraudz%C4%ABbas-p%C4%81rvald%C4%93-at-latvijas-banka-4435022243,Vecākais/-ā uzraudzības eksperts/-e Finanšu tehnoloģiju uzraudzības pārvaldē,,scraped,2026-07-07T20:46:42.840053,
f617d30b7f52e329,https://lv.linkedin.com/jobs/view/danish-speaking-content-moderator-for-social-media-work-in-sofia-bulgaria-at-mercier-consultancy-md-4437734345,"Danish Speaking Content Moderator For Social Media - Work In Sofia, Bulgaria",Mercier Consultancy MD,posted,2026-07-07T20:47:03.149699,238
01ae439ea4c4dc9e,https://lv.linkedin.com/jobs/view/middle-data-engineer-for-real-time-streaming-platform-at-gr8-tech-4432824872,Middle Data Engineer for Real Time Streaming Platform,,scraped,2026-07-07T20:47:05.782422,
fe701753b2fff69b,https://lv.linkedin.com/jobs/view/senior-software-engineer-in-test-java-remote-work-ref%23293825-at-bairesdev-4426569322,Senior Software Engineer in Test (Java) - Remote Work | REF#293825,BairesDev,posted,2026-07-07T20:47:24.178837,240
762b8469e222dd6e,https://lv.linkedin.com/jobs/view/elektronikas-speci%C4%81lists-electronic-technician-at-kronospan-4408997012,Elektronikas speciālists/ Electronic technician,,scraped,2026-07-07T20:47:32.814790,
396355305cbce9cb,https://lv.linkedin.com/jobs/view/senior-cloud-infrastructure-engineer-at-avafin-4436710918,Senior Cloud Infrastructure Engineer,,scraped,2026-07-07T20:47:46.324156,
6226c1cec5d4bc58,https://lv.linkedin.com/jobs/view/crm-sfe-specialist-at-msd-4435311846,CRM & SFE Specialist,MSD,posted,2026-07-07T20:48:10.515462,242
9b4a3b36563f3401,https://lv.linkedin.com/jobs/view/p%C4%81rdev%C4%93js-ned%C4%93%C4%BCas-nogal%C4%93s-jysk-veikal%C4%81-t-c-s%C4%81g%C4%81-s-sv-20h-at-jysk-baltics-4437830542,"Pārdevējs nedēļas nogalēs JYSK veikalā t/c Sāgā (S, SV - 20h)",JYSK Baltics,posted,2026-07-07T20:48:43.702329,244
74f94162226ab1b8,https://lv.linkedin.com/jobs/view/contact-centre-support-administrator-at-epson-europe-b-v-4435588916,Contact Centre Support Administrator,,scraped,2026-07-07T20:48:46.385033,
97129e9bbdb1a26b,https://lv.linkedin.com/jobs/view/financial-controller-for-global-enterprise-groups-at-circle-k-4436595552,Financial Controller for Global Enterprise Groups,,scraped,2026-07-07T20:48:55.834554,
73504bf08101d60b,https://lv.linkedin.com/jobs/view/apsargs-kuld%C4%ABg%C4%81-at-g4s-4437713708,Apsargs Kuldīgā,,scraped,2026-07-07T20:49:02.078003,
f740aae53ca4f2bf,https://lv.linkedin.com/jobs/view/sap-logistics-consultant-sd-s-4hana-at-epam-systems-4418763465,"SAP Logistics Consultant SD, S/4HANA",EPAM Systems,posted,2026-07-07T20:49:16.877732,184
4b14c674508176a2,https://lv.linkedin.com/jobs/view/sap-logistics-scm-engineering-manager-at-epam-systems-4403764012,SAP Logistics (SCM) Engineering Manager,EPAM Systems,posted,2026-07-07T20:49:35.555013,246
6f02c32a2b931d15,https://lv.linkedin.com/jobs/view/senior-financial-controller-r2r-netherlands-at-circle-k-4427733911,Senior Financial Controller R2R Netherlands,,scraped,2026-07-07T20:49:38.309494,
c55f04a8dfdb6ad7,https://lv.linkedin.com/jobs/view/darbs-ludz%C4%81-at-g4s-4437709866,Darbs Ludzā,,scraped,2026-07-07T20:49:44.690998,
7a442d4e4d11beda,https://lv.linkedin.com/jobs/view/specialist-finance-in-accounts-receivable-team-at-circle-k-4436588469,Specialist Finance in Accounts Receivable team,,scraped,2026-07-07T20:49:54.367283,
4f62b6fd40b9fbe0,https://lv.linkedin.com/jobs/view/p%C4%81rdev%C4%93js-kasieris-jysk-krasta-iel%C4%81-pusslodzes-darbs-at-jysk-baltics-4437834446,Pārdevējs - kasieris JYSK Krasta ielā (pusslodzes darbs),JYSK Baltics,posted,2026-07-07T20:50:22.583442,248
78dc3e3940d4c46d,https://lv.linkedin.com/jobs/view/mai%C5%86u-vad%C4%ABt%C4%81js-r%C4%ABgas-centr%C4%81-at-g4s-4437719511,Maiņu vadītājs Rīgas centrā,,scraped,2026-07-07T20:50:29.384086,
7266d25b30383179,https://lv.linkedin.com/jobs/view/senior-verification-engineer-at-isg-international-service-group-4436531504,Senior Verification Engineer,,scraped,2026-07-07T20:50:38.961799,
411142d70af5c025,https://lv.linkedin.com/jobs/view/ux-ui-designer-at-the-flex-4436385365,UX/UI Designer,,scraped,2026-07-07T20:50:51.103606,
e19dab6e7f05abd1,https://lv.linkedin.com/jobs/view/senior-php-developer-at-eleving-group-4435825358,Senior PHP Developer,,scraped,2026-07-07T20:51:10.657029,
13329f4eb01600c7,https://lv.linkedin.com/jobs/view/senior-lead-ai-engineer-architect-at-epam-systems-4398218952,Senior / Lead AI Engineer / Architect,EPAM Systems,posted,2026-07-07T20:51:27.448865,250
3c030eba47b7fcfc,https://lv.linkedin.com/jobs/view/customer-contact-center-specialist-latvian-speaker-at-electrolux-group-4436355853,Customer Contact Center Specialist Latvian Speaker,Electrolux Group,posted,2026-07-07T20:52:32.856695,252
764af504d8260125,https://lv.linkedin.com/jobs/view/lawyer-specializing-in-personal-data-processing-at-decta-4435423680,Lawyer specializing in personal data processing,DECTA,posted,2026-07-07T20:53:20.522250,254
d37c6edf38077199,https://lv.linkedin.com/jobs/view/staff-software-engineer-fintech-back-end-bangkok-based-relocation-provided-at-agoda-4299782014,"Staff Software Engineer (FinTech) - Back End (Bangkok based, Relocation provided)",Agoda,posted,2026-07-07T20:53:34.231684,256
f4bda69f73398de0,https://lv.linkedin.com/jobs/view/accountant-with-german-language-skills-at-circle-k-4435470633,Accountant with German language skills,,scraped,2026-07-07T20:53:36.862966,
79fc35c42f6821eb,https://lv.linkedin.com/jobs/view/senior-devops-engineer-jenkins-scaling-expert-at-epam-systems-4432714108,Senior DevOps Engineer (Jenkins Scaling Expert),EPAM Systems,posted,2026-07-07T20:53:49.608686,258
65a7786ffcf24cd9,https://lv.linkedin.com/jobs/view/p%C4%81rdev%C4%93js-a-circle-k-gulbene-br%C4%ABv%C4%ABbas-iela-89a-gulbene-darbs-uz-noteiktu-laiku-l%C4%ABdz-30-09-2025-at-circle-k-4436841245,"Pārdevējs/-a Circle K Gulbene (Brīvības iela 89A, Gulbene) darbs uz noteiktu laiku līdz 30.09.2025",,scraped,2026-07-07T20:53:52.085108,
